genre	artist_id	artist_name	all_genres	popularity	follower_count	track_id	track_name	track_popularity	track_length	track_danceability	track_energy	track_key	track_loudness	track_mode	track_speechiness	track_acousticness	track_instrumentalness	track_liveness	track_valence	track_tempo	track_type	track_duration	track_time_signature
k-pop	2FLqlgckDKdmpBrvLAT5BM	Eric Nam	k-pop; korean pop	64	219554	02sD9kxKrCboVcOKzx3VyZ	Potion	52	212478	0.726	0.711	11	-3.456	0	0.0889	0.137	1.8e-6	0.285	0.676	102.957	audio_features	212479	4
k-pop	5DuzBeOgFwViFcv00Q5PFb	WINNER	k-pop; korean pop	65	987863	02UNF1uo5f0UNgc1qx5XGt	REALLY REALLY	68	203056	0.765	0.769	2	-3.16	1	0.0595	0.167	0	0.0854	0.581	103.006	audio_features	203057	4
k-pop	1wKpMkucynaTfG8lyPprYV	PENTAGON	k-pop	66	350023	03FJaPsNcW9At7K4UWhdgc	Gorilla	49	185000	0.808	0.914	2	-2.087	1	0.0497	0.0998	0	0.163	0.824	103.994	audio_features	185000	4
k-pop	3Nrfpe0tUJi4K4DXYWgMUX	BTS	k-pop	91	7553232	03iCbZaM4OkRR4We6wIzvx	IDOL	81	260233	0.709	0.857	9	-3.394	1	0.0881	0.00219	0	0.103	0.446	126.038	audio_features	260234	4
k-pop	1wKpMkucynaTfG8lyPprYV	PENTAGON	k-pop	66	350023	05AIUaRzGCFQycDijiGtBM	Violet	51	236140	0.643	0.647	7	-6.174	1	0.0861	0.295	0	0.754	0.325	97.065	audio_features	236140	4
k-pop	3HqSLMAZ3g3d5poNaI7GOU	IU	k-pop; korean pop	71	633819	06EMBzxDm2hueehobAlMtm	Ending Scene	60	249241	0.388	0.323	5	-7.158	1	0.0348	0.851	2.03e-6	0.143	0.232	118.885	audio_features	249242	4
k-pop	2hRQKC0gqlZGPrmUKbcchR	SHINee	dance pop; j-pop; k-pop; korean pop	67	1129222	082T4CgUFyV0tjPdzaq6ml	Tell Me What To Do	54	246786	0.602	0.926	7	-1.78	1	0.177	0.102	0	0.317	0.288	125.107	audio_features	246787	4
k-pop	5RR0MLwcjc87wjSw2JYdwx	MOMOLAND	k-pop	68	719478	089QvCGproM6tZgdaszIBO	Hug me	47	219496	0.734	0.54	0	-4.427	1	0.0286	0.547	0	0.131	0.368	97.961	audio_features	219496	4
k-pop	3UwlejyX2b458azZ7eCnHb	HyunA	k-pop	62	549851	0AgMJriVSGWjN8WLaCqnDv	Cause I'm God Girl	59	202546	0.843	0.833	4	-3.32	0	0.226	0.00472	0.00114	0.29	0.681	102.128	audio_features	202547	4
k-pop	1wKpMkucynaTfG8lyPprYV	PENTAGON	k-pop	66	350023	0C2tTlEGYQnUAVgbtJ68MB	When It Rains In Night	48	244990	0.484	0.594	4	-4.76	0	0.0297	0.635	0	0.223	0.296	89.975	audio_features	244990	4
k-pop	5TnQc2N1iKlFjYD7CPGvFc	Day6	k-pop; korean pop	67	435460	0c32SSNatPH3AASuOael36	아 왜 I Wait	57	220224	0.468	0.902	11	-3.505	0	0.14	0.00636	0	0.0736	0.347	175.204	audio_features	220225	4
k-pop	6gzXCdfYfFe5XKhPKkYqxV	SUPER JUNIOR	k-pop; korean pop	69	979619	0cCm1PbOd6nqAPDdA3PRfs	Black Suit	61	201111	0.711	0.885	5	-3.299	0	0.0477	0.0044	0	0.207	0.866	121.978	audio_features	201112	4
k-pop	2JhAlkmukNvarUpGhTFXUQ	KARD	k-pop	61	702916	0EAUxlC7jGzCUkRcn9ydLF	Dímelo	53	201900	0.638	0.831	3	-3.355	1	0.167	0.118	0	0.275	0.686	183.582	audio_features	201901	4
k-pop	3Nrfpe0tUJi4K4DXYWgMUX	BTS	k-pop	91	7553232	0EQMrxdeiBhry9JCxskko3	I'm Fine	77	240339	0.51	0.842	11	-2.782	0	0.103	0.00852	0	0.346	0.302	87.605	audio_features	240339	4
k-pop	48eO052eSDcn8aTxiv6QaG	NCT	k-pop	66	553265	0ErzcmZ2gIwX7X0xSMQPix	BOSS	70	210641	0.787	0.543	10	-6.7	0	0.037	0.0233	0	0.0861	0.332	99.026	audio_features	210641	4
k-pop	4XpUIb8uuNlIWVKmgKZXC0	Zico	k-hop; k-pop; korean pop; korean r&b	63	383067	0ESGvKJoja4msEeDhOMDD8	Flower Way (Prod. By ZICO)	51	239122	0.344	0.281	1	-9.59	1	0.0545	0.828	0	0.118	0.37	74.998	audio_features	239123	4
k-pop	2CvaqAMMsX576VBehaJ0Wx	Wanna One	k-pop	64	905140	0fAFOeAxAL5K8rZlLUMXQH	BOOMERANG	61	183475	0.73	0.913	1	-2.749	1	0.0781	0.0292	0	0.104	0.737	99.974	audio_features	183475	4
k-pop	3HqSLMAZ3g3d5poNaI7GOU	IU	k-pop; korean pop	71	633819	0GsRx0gPft6RmijIwMsKmG	Friday (feat.Jang Yi-jeong of HISTORY)	60	217155	0.693	0.529	9	-4.819	1	0.053900000000000003	0.56	0	0.111	0.555	80.026	audio_features	217156	4
k-pop	4XpUIb8uuNlIWVKmgKZXC0	Zico	k-hop; k-pop; korean pop; korean r&b	63	383067	0hRVm06wtH5HsmPetg1W9t	BERMUDA TRIANGLE (feat. Crush & DEAN)	60	207026	0.469	0.819	3	-3.469	0	0.306	0.0592	0	0.178	0.334	89.013	audio_features	207027	4
k-pop	0XATRDCYuuGhk0oE7C0o5G	Mamamoo	k-pop; korean pop	65	581890	0icGgAiUx5b0amQLycmGUr	Um Oh Ah Yeh	51	214087	0.728	0.893	7	-1.896	1	0.0476	0.128	0	0.167	0.453	104.977	audio_features	214088	4
k-pop	4TnGh5PKbSjpYqpIdlW5nz	Monsta X	k-pop	70	1233646	0IeRuCKihaeLK7QQEcbliI	Underwater	57	226041	0.662	0.774	0	-4.655	1	0.0938	0.132	0	0.131	0.39	101.05	audio_features	226041	4
k-pop	6MoXcK2GyGg7FIyxPU5yW6	SUNMI	k-pop	67	426173	0jFHMDRXxKaREor3hBEEST	Gashina	72	180000	0.722	0.833	6	-3.915	1	0.094	0.0556	0	0.195	0.53	93.941	audio_features	180000	4
k-pop	2CvaqAMMsX576VBehaJ0Wx	Wanna One	k-pop	64	905140	0JQPxSYL6alc9UvsPvBoFA	Light	58	209510	0.683	0.929	1	-2.522	0	0.119	0.214	0	0.216	0.726	139.932	audio_features	209510	4
k-pop	4XDi67ZENZcbfKnvMnTYsI	Jay Park	k-hop; k-pop; korean pop; korean r&b	68	632898	0k6ItoyE50QuW50nGYLO2v	Drive (feat. Gray)	57	212334	0.651	0.749	5	-3.707	0	0.0412	0.188	0	0.0723	0.93	150.019	audio_features	212334	4
k-pop	2dIgFjalVxs4ThymZ67YCE	Stray Kids	k-pop	70	496372	0M4YKcsGXm9R53kS7wYzhq	극과 극 N/S	60	224042	0.822	0.668	4	-4.845	0	0.055	0.00218	0	0.1	0.38	130.001	audio_features	224042	4
k-pop	5RR0MLwcjc87wjSw2JYdwx	MOMOLAND	k-pop	68	719478	0mACEYbz42CQdqAPjIJHi6	JJan! Koong! Kwang!	48	199780	0.722	0.886	10	-3.028	1	0.0581	0.264	0	0.134	0.696	139.968	audio_features	199781	4
k-pop	5r1tUTxVSgvBHnoDuDODPH	IZ*ONE	k-pop	65	41980	0nlG0Y0QowCD7EF5GScNiv	O' My!	58	203303	0.559	0.844	1	-2.817	1	0.234	0.0359	0	0.625	0.77	201.845	audio_features	203303	4
k-pop	3UwlejyX2b458azZ7eCnHb	HyunA	k-pop	62	549851	0OiddgOQrcQ21cY8FGlpmD	Young & One	47	232049	0.82	0.804	8	-4.131	1	0.0494	0.064	0	0.0978	0.414	115.004	audio_features	232049	4
k-pop	5na1LmEmK2VzNLje9snJYW	The Rose	k-pop; korean pop	59	192898	0pINNLkEkLaZnnugOPnoX3	Take Me Down	52	219367	0.5	0.704	2	-4.35	1	0.0324	0.299	0	0.3	0.386	89.598	audio_features	219367	4
k-pop	7nqOGRxlXj7N2JYbgNEjYH	SEVENTEEN	k-pop	71	1847055	0pWxUlYb3EM2WkcTJfwBdP	BOOMBOOM	60	206227	0.853	0.814	8	-3.047	1	0.0766	0.0347	0	0.171	0.686	108.111	audio_features	206227	4
k-pop	5HenzRvMtSrgtvU16XAoby	Zion.T	k-indie; k-pop; korean pop; korean r&b	62	249919	0q3xk0VI0w7omVXYA09sVw	Eat	57	161617	0.662	0.293	4	-11.311	1	0.122	0.49	4.79e-6	0.122	0.304	91.16	audio_features	161618	4
k-pop	0XATRDCYuuGhk0oE7C0o5G	Mamamoo	k-pop; korean pop	65	581890	0qf9yGk04iJ8LMQ8jApcRL	LOVE	50	177818	0.802	0.736	2	-3.869	1	0.0534	0.557	0	0.147	0.832	117.973	audio_features	177819	4
k-pop	4Kxlr1PRlDKEB0ekOCyHgX	BIGBANG	j-pop; k-hop; k-pop	71	2495384	0QIRm9sUkGnezGznkWCqCo	BANG BANG BANG	69	220238	0.694	0.832	5	-3.038	0	0.0598	0.0192	0	0.355	0.424	135.011	audio_features	220238	4
k-pop	4Kxlr1PRlDKEB0ekOCyHgX	BIGBANG	j-pop; k-hop; k-pop	71	2495384	0qQBuGsT79rKtmmfC0V38x	Haru Haru	62	256360	0.687	0.914	6	-5.02	1	0.0437	0.166	0	0.0858	0.675	126.001	audio_features	256360	4
k-pop	6aLdhHUqgdKE86xbtNmY8g	Crush	k-indie; k-pop; korean pop; korean r&b	65	298667	0qVmnY53N0Qkb9YdOy4owI	none	57	219077	0.551	0.349	3	-10.762	1	0.161	0.902	0	0.0905	0.198	90.159	audio_features	219077	4
k-pop	5RR0MLwcjc87wjSw2JYdwx	MOMOLAND	k-pop	68	719478	0QZVaeLfu4V1xVKbfsRbJs	VeryVery	51	202935	0.755	0.905	0	-2.941	0	0.0468	0.217	2.09e-6	0.29	0.894	117.008	audio_features	202935	4
k-pop	5HenzRvMtSrgtvU16XAoby	Zion.T	k-indie; k-pop; korean pop; korean r&b	62	249919	0r2d00ZxDmCGyzI6kqUzIO	Ideal	54	119402	0.853	0.557	11	-5.786	1	0.264	0.386	0	0.0889	0.744	75.021	audio_features	119403	4
k-pop	5DuzBeOgFwViFcv00Q5PFb	WINNER	k-pop; korean pop	65	987863	0R4oywOD4wsKOoxnjFUL5y	AIR	52	224909	0.818	0.644	4	-5.39	1	0.0321	0.387	0	0.118	0.662	104.96	audio_features	224910	4
k-pop	2CvaqAMMsX576VBehaJ0Wx	Wanna One	k-pop	64	905140	0r85SnJ2B98Qv7TdUMSYjr	DAY BY DAY	50	186067	0.622	0.803	6	-3.384	0	0.0939	0.0832	0	0.331	0.668	173.948	audio_features	186067	4
k-pop	52zMTJCKluDlFwMQWmccY7	LOOΠΔ	k-pop	64	237804	0RqzUS7AkBhQDrBxcGFeDv	Hi High	63	196863	0.67	0.916	9	-2.261	0	0.0751	0.0363	5.35e-6	0.221	0.531	97.004	audio_features	196864	4
k-pop	1wKpMkucynaTfG8lyPprYV	PENTAGON	k-pop	66	350023	0s3usxClvkWkKFIb5rcL8D	OFF-ROAD	48	225330	0.619	0.908	0	-3.349	1	0.0663	0.0535	0	0.381	0.744	150.003	audio_features	225331	4
k-pop	0XATRDCYuuGhk0oE7C0o5G	Mamamoo	k-pop; korean pop	65	581890	0tCcVOGarOtgPIRUAcmgrX	Double Trouble Couple	51	210155	0.807	0.625	11	-5.523	0	0.0837	0.207	0	0.436	0.657	116.988	audio_features	210155	4
k-pop	4o7tWrzQOqarDtTMWD2HV9	LAY	chinese electropop; k-pop	72	208274	0tEtcRNU7PKvAF2AMEDDpB	Tattoo	49	195566	0.884	0.664	1	-5.684	1	0.183	0.0328	0.0267	0.357	0.261	104.967	audio_features	195567	4
k-pop	5na1LmEmK2VzNLje9snJYW	The Rose	k-pop; korean pop	59	192898	0TxSk5fpK01cBLV9ePqcE6	She's In The Rain	61	237576	0.36	0.533	3	-4.394	1	0.0302	0.375	0	0.0768	0.421	92.854	audio_features	237577	4
k-pop	2CvaqAMMsX576VBehaJ0Wx	Wanna One	k-pop	64	905140	0tzKdN4AvAL02GcUielPga	Wanna	51	219953	0.595	0.806	0	-3.74	0	0.0567	0.0324	0	0.17	0.506	89.974	audio_features	219954	4
k-pop	7f4ignuCJhLXfZ9giKT7rH	NCT 127	k-pop	71	989441	0UEknUD00qJuDjljnI1zw9	City 127	60	199186	0.758	0.614	10	-5.263	1	0.028	0.159	0	0.381	0.492	97.982	audio_features	199187	4
k-pop	3paGCCtX1Xr4Gx53mSeZuQ	NCT U	k-pop	64	771747	0v5VZm8n1l0dEq7gls1a88	WITHOUT YOU (Sung by JAEHYUN, DOYOUNG, TAEIL)	45	205533	0.578	0.942	2	-1.693	1	0.0556	0.0428	0	0.0833	0.53	127.835	audio_features	205533	4
k-pop	52zMTJCKluDlFwMQWmccY7	LOOΠΔ	k-pop	64	237804	0vA82YPx1q4JRWFISf1vIZ	Stylish	54	209111	0.554	0.694	9	-3.673	1	0.0387	0.242	0	0.0851	0.814	160.154	audio_features	209112	4
k-pop	5TnQc2N1iKlFjYD7CPGvFc	Day6	k-pop; korean pop	67	435460	0wdDN5adB2lPpa8f0eXSfn	예뻤어 You Were Beautiful	59	284588	0.473	0.633	5	-3.504	0	0.0326	0.0715	0	0.108	0.386	167.924	audio_features	284588	4
k-pop	6nfDaffa50mKtEOwR8g4df	GOT7	k-pop	72	1828380	0WQwiIbBX6JaVw1w9awD6E	Lullaby - Spanish Ver.	58	217506	0.746	0.92	0	-2.394	1	0.148	0.00806	0	0.0917	0.638	130.04	audio_features	217507	4
k-pop	4XDi67ZENZcbfKnvMnTYsI	Jay Park	k-hop; k-pop; korean pop; korean r&b	68	632898	0wTwQC1TBfmARocEljNDZs	몸매 Mommae (feat. Ugly Duck)	56	204326	0.745	0.669	9	-5.362	0	0.242	0.218	0	0.104	0.681	94.089	audio_features	204327	4
k-pop	6nfDaffa50mKtEOwR8g4df	GOT7	k-pop	72	1828380	0ygy8bNjL9pk58nHibd3Bz	Never Ever	63	194407	0.794	0.835	5	-2.043	0	0.0961	0.266	0	0.0979	0.771	101.039	audio_features	194408	4
k-pop	5dCvSnVduaFleCnyy98JMo	HEIZE	k-indie; k-pop; korean pop; korean r&b	60	174028	0Yz3F0UGDibDe8uU69zmjn	And July (feat. DEAN & DJ Friz)	60	226128	0.735	0.852	2	-3.85	1	0.092	0.0401	0	0.196	0.788	98.494	audio_features	226128	4
k-pop	5WY88tCMFA6J6vqSN3MmDZ	NELL	k-indie; korean pop	60	18228	0z5qEEXg6dszdsaDmNt0p3	Green Nocturne	33	245541	0.652	0.73	9	-7.923	1	0.0303	0.534	0.00843	0.276	0.719	80.009	audio_features	245542	4
k-pop	2AfmfGFbe0A0WsTYm0SDTx	(G)I-DLE	k-pop	74	340750	10gS1lJELCHguaUnrowonh	DON'T TEXT ME	51	216188	0.735	0.614	1	-6.658	1	0.0969	0.179	0	0.168	0.354	113.008	audio_features	216189	4
k-pop	3qNVuliS40BLgXGxhdBdqu	TAEYEON	k-pop; korean pop	65	555701	10X2ihhKwPyKzo89h4965O	Page 0	53	187360	0.522	0.716	10	-4.13	1	0.0572	0.213	0	0.0645	0.588	199.713	audio_features	187360	4
k-pop	6aLdhHUqgdKE86xbtNmY8g	Crush	k-indie; k-pop; korean pop; korean r&b	65	298667	12XPa1Q3JzQchPjmRxPjXg	Sometimes	50	263644	0.674	0.585	11	-4.703	0	0.117	0.19	0	0.0735	0.641	92.184	audio_features	263644	4
k-pop	1gBUSTR3TyDdTVFIaQnc02	NCT DREAM	k-pop	65	676416	12YCzgLIK66nMNz4IpPTuL	Beautiful Time	55	207773	0.682	0.721	11	-4.541	1	0.0897	0.0878	0	0.155	0.792	78.198	audio_features	207773	4
k-pop	4XpUIb8uuNlIWVKmgKZXC0	Zico	k-hop; k-pop; korean pop; korean r&b	63	383067	15nSGpRfeHnBdIG1lXSvYN	Boys And Girls	49	200169	0.815	0.75	1	-3.029	1	0.0581	0.0399	0	0.0553	0.614	103.037	audio_features	200170	4
k-pop	0siBQaURCli5wn2lqv8WZg	DPR LIVE	k-hop; k-pop; korean pop; korean r&b	59	113116	16J9CcYE8XRrjHolbP148Y	Is You Down	51	147053	0.86	0.481	5	-6.684	0	0.303	0.425	0	0.0705	0.937	93.026	audio_features	147054	4
k-pop	0siBQaURCli5wn2lqv8WZg	DPR LIVE	k-hop; k-pop; korean pop; korean r&b	59	113116	172yFZLpVdoUmTvWivZ2Rq	Playlist	52	172310	0.807	0.758	2	-5.693	0	0.104	0.442	0	0.0988	0.857	129.929	audio_features	172310	4
k-pop	7nqOGRxlXj7N2JYbgNEjYH	SEVENTEEN	k-pop	71	1847055	19t5GSN3XsLB7UOsZD8Fwv	CLAP	66	167797	0.722	0.918	8	-2.952	1	0.0607	0.141	0	0.409	0.831	100.024	audio_features	167797	4
k-pop	6nfDaffa50mKtEOwR8g4df	GOT7	k-pop	72	1828380	1aDarBap4uQgOt9k4fxWd8	Lullaby	72	217486	0.727	0.888	0	-2.756	1	0.0881	0.015	0	0.113	0.726	129.993	audio_features	217486	4
k-pop	4XDi67ZENZcbfKnvMnTYsI	Jay Park	k-hop; k-pop; korean pop; korean r&b	68	632898	1B2ga6ZAthSmAjKy75B0C5	Dank	57	198910	0.735	0.467	7	-7.621	1	0.031	0.584	0	0.11	0.366	145.601	audio_features	198910	4
k-pop	2dIgFjalVxs4ThymZ67YCE	Stray Kids	k-pop	70	496372	1BGXroRqkejpQdEbLMAEHw	갑자기 분위기 싸해질 필요 없잖아요 Awkward Silence	61	193751	0.579	0.915	10	-2.582	0	0.224	0.289	0	0.154	0.765	199.974	audio_features	193752	4
k-pop	4TnGh5PKbSjpYqpIdlW5nz	Monsta X	k-pop	70	1233646	1BSncOsSJPQkpl29QM0ipj	DRAMARAMA	64	186295	0.571	0.779	8	-2.864	1	0.111	0.135	0	0.202	0.261	186.154	audio_features	186296	4
k-pop	13rF01aOogvnkuQXOlgTW8	TAEMIN	k-pop; korean pop	63	492825	1cgBWgoL6520lR2QZDzdGN	MOVE	66	211949	0.697	0.713	8	-5.273	0	0.115	0.0153	0	0.0857	0.667	99.964	audio_features	211949	4
k-pop	5RR0MLwcjc87wjSw2JYdwx	MOMOLAND	k-pop	68	719478	1cGzjHC08654c4or6ONMFu	Wonderful love	48	196513	0.756	0.937	11	-2.236	1	0.114	0.11	0	0.396	0.812	131.987	audio_features	196513	4
k-pop	7n2Ycct7Beij7Dj7meI4X0	TWICE	k-pop	78	2099516	1D7e4LrjdB4mKaI9XYrmPY	CHEER UP	66	208862	0.548	0.885	6	-1.48	1	0.125	0.139	0	0.0716	0.509	172.946	audio_features	208862	4
k-pop	5dCvSnVduaFleCnyy98JMo	HEIZE	k-indie; k-pop; korean pop; korean r&b	60	174028	1dA1tlzwcJ3YDYsSul1m06	Jenga (feat. Gaeko)	58	210158	0.711	0.73	1	-4.979	0	0.0436	0.269	2.34e-6	0.109	0.604	93.015	audio_features	210158	4
k-pop	0siBQaURCli5wn2lqv8WZg	DPR LIVE	k-hop; k-pop; korean pop; korean r&b	59	113116	1dN4Z7wZTQXLEl33RkMO3a	Text Me	56	177342	0.846	0.592	5	-6.452	0	0.28	0.146	0	0.258	0.757	134.024	audio_features	177343	4
k-pop	30b9WulBM8sFuBo17nNq9c	G-DRAGON	k-hop; k-pop; korean pop	62	1152089	1e6bjiUn5IhSHu4RgyrPUt	Without You	51	242677	0.6	0.679	11	-6.894	1	0.0372	0.0311	0	0.338	0.327	123.991	audio_features	242677	4
k-pop	48eO052eSDcn8aTxiv6QaG	NCT	k-pop	66	553265	1EYSS9Lp7a9f20C3FaOVgI	Baby Don’t Stop	67	183019	0.827	0.739	8	-6.391	1	0.0744	0.0214	4.13e-6	0.043	0.352	95.999	audio_features	183020	4
k-pop	2FLqlgckDKdmpBrvLAT5BM	Eric Nam	k-pop; korean pop	64	219554	1EzfapL0krLyoIxezUU3A6	Before the Sunset	55	189905	0.518	0.451	11	-7.557	1	0.062	0.678	0	0.159	0.319	131.762	audio_features	189905	4
k-pop	5r1tUTxVSgvBHnoDuDODPH	IZ*ONE	k-pop	65	41980	1fRaznZsAB2i63TtmYv2Hc	La Vie en Rose	76	218993	0.698	0.908	9	-1.211	0	0.0548	0.0899	0	0.115	0.606	115.975	audio_features	218994	4
k-pop	4XDi67ZENZcbfKnvMnTYsI	Jay Park	k-hop; k-pop; korean pop; korean r&b	68	632898	1fRIaQ4nHZF5FybsAsqKZz	SOJU (feat. 2 Chainz)	55	228840	0.812	0.535	4	-4.355	0	0.0606	0.327	0	0.143	0.208	121.994	audio_features	228840	4
k-pop	2CvaqAMMsX576VBehaJ0Wx	Wanna One	k-pop	64	905140	1H0zKZDwR19OGD3zKrwuTG	Beautiful	60	196799	0.507	0.855	0	-3.62	1	0.15	0.415	0	0.331	0.391	159.808	audio_features	196799	4
k-pop	52zMTJCKluDlFwMQWmccY7	LOOΠΔ	k-pop	64	237804	1H3i6WXxrJB7LEoH5iStvb	Love Cherry Motion	53	221847	0.708	0.878	1	-3.808	1	0.0307	0.0187	0	0.111	0.764	136.993	audio_features	221848	4
k-pop	6nfDaffa50mKtEOwR8g4df	GOT7	k-pop	72	1828380	1HaaaJCvvIEukZgx2z1Mrp	I Am Me	58	211656	0.697	0.721	1	-4.911	0	0.0462	0.0519	3.01e-6	0.172	0.332	135.02	audio_features	211657	4
k-pop	3qNVuliS40BLgXGxhdBdqu	TAEYEON	k-pop; korean pop	65	555701	1HVjqP22I8rGY1gyEqrEuy	Circus	53	234026	0.75	0.473	1	-6.906	1	0.0427	0.669	0	0.103	0.337	108.016	audio_features	234027	4
k-pop	2e4G04F77jxVuDYo44TCSm	Loco	k-hop; k-pop; korean pop; korean r&b	63	69907	1iArAuiiDPjtZcwO33YeLF	Too Much (Feat. DEAN)	55	190957	0.747	0.618	11	-4.212	1	0.047	0.0742	0	0.107	0.621	102.038	audio_features	190957	4
k-pop	5DIi2JWfQPTKffaVBlIYRn	Sik-K	k-hop; k-pop; korean pop; korean r&b	61	104507	1ihIXI2MVklmJdPvIUxExZ	party (Shut Down) [feat. Crush]	55	216113	0.702	0.587	8	-5.816	1	0.122	0.27	0	0.0631	0.773	140.001	audio_features	216114	4
k-pop	2dIgFjalVxs4ThymZ67YCE	Stray Kids	k-pop	70	496372	1j494xElPAsRVLyDSIEcKU	M.I.A.	58	210737	0.82	0.864	0	-3.638	1	0.189	0.146	0	0.178	0.61	139.959	audio_features	210738	4
k-pop	1wKpMkucynaTfG8lyPprYV	PENTAGON	k-pop	66	350023	1j4COetlRWIwAUZG31ocwf	Upgrade	49	208147	0.731	0.964	2	-3.551	1	0.107	0.0844	0	0.133	0.547	122.969	audio_features	208148	4
k-pop	20j1uz7iDOtIvIzCr5S8nx	SEUNGRI	k-pop; korean pop	68	238770	1jRpxjlalomtUrMYqNerkH	GG Be	41	217200	0.883	0.699	5	-4.183	1	0.0541	0.0709	0	0.0659	0.646	120.016	audio_features	217200	4
k-pop	3UwlejyX2b458azZ7eCnHb	HyunA	k-pop	62	549851	1kPJiJ3N8cuw5Kzev8Ilu0	Red	60	199888	0.586	0.916	9	-1.83	1	0.0712	0.0027	0	0.402	0.537	163.787	audio_features	199889	4
k-pop	5DIi2JWfQPTKffaVBlIYRn	Sik-K	k-hop; k-pop; korean pop; korean r&b	61	104507	1kQcX6cLpC57HQqqSRrHi4	Ring Ring (feat. Gaeko)	51	206613	0.622	0.235	11	-9.378	0	0.0512	0.735	0	0.248	0.757	160.015	audio_features	206613	4
k-pop	30b9WulBM8sFuBo17nNq9c	G-DRAGON	k-hop; k-pop; korean pop	62	1152089	1LSNDl7np1Fs3xNoXiKUGC	Missing You	50	207089	0.742	0.792	5	-4.713	1	0.0651	0.14	0	0.0704	0.78	122.998	audio_features	207090	4
k-pop	48eO052eSDcn8aTxiv6QaG	NCT	k-pop	66	553265	1mdEvT7X3Rs7vL75fRb8oo	TOUCH	63	189077	0.595	0.806	8	-4.644	1	0.141	0.0391	0	0.36	0.616	93.126	audio_features	189078	4
k-pop	20j1uz7iDOtIvIzCr5S8nx	SEUNGRI	k-pop; korean pop	68	238770	1MKzgKfl6WQLNDm9AkKFjK	Gotta Talk to U	46	215480	0.746	0.712	10	-5.447	0	0.0347	0.115	0	0.269	0.744	127.995	audio_features	215480	4
k-pop	20j1uz7iDOtIvIzCr5S8nx	SEUNGRI	k-pop; korean pop	68	238770	1NwrPeOW1AlJekfKz4KydQ	MOLLADO	50	197585	0.89	0.805	7	-3.898	1	0.0487	0.209	0	0.0928	0.946	125	audio_features	197585	4
k-pop	1gBUSTR3TyDdTVFIaQnc02	NCT DREAM	k-pop	65	676416	1oacrRLAurXf6ylXFhF2YT	Chewing Gum	55	197462	0.774	0.8	3	-3.426	0	0.0472	0.113	0	0.0782	0.931	103.977	audio_features	197462	4
k-pop	0XATRDCYuuGhk0oE7C0o5G	Mamamoo	k-pop; korean pop	65	581890	1oKLldMLuG7cl7K6IqrbGH	Rainy Season	44	222285	0.677	0.6	2	-4.448	0	0.0543	0.806	0	0.219	0.614	91.058	audio_features	222286	4
k-pop	3qNVuliS40BLgXGxhdBdqu	TAEYEON	k-pop; korean pop	65	555701	1pEavn8UFAeij6afPwWfvM	All with You	54	233939	0.247	0.41	6	-5.725	1	0.0331	0.756	2.93e-6	0.127	0.125	62.91	audio_features	233940	4
k-pop	5r1tUTxVSgvBHnoDuDODPH	IZ*ONE	k-pop	65	41980	1ptM5l7tbT3QCbvYjtBEpV	Suki ni Nacchaudarou? - IZ*ONE Ver.	59	248695	0.684	0.893	6	-3.266	1	0.0576	0.113	0	0.316	0.81	130.963	audio_features	248696	4
k-pop	4XpUIb8uuNlIWVKmgKZXC0	Zico	k-hop; k-pop; korean pop; korean r&b	63	383067	1pz24zu5H9A0S1a2NKT4F0	SoulMate (feat. IU)	65	219390	0.855	0.58	5	-6.951	1	0.141	0.234	0	0.0965	0.518	96.998	audio_features	219391	4
k-pop	1wKpMkucynaTfG8lyPprYV	PENTAGON	k-pop	66	350023	1qLgJ1M37Mj50hlOnuw9cs	Naughty boy	66	198672	0.697	0.682	3	-3.077	1	0.0612	0.143	0	0.146	0.679	160.015	audio_features	198672	4
k-pop	48eO052eSDcn8aTxiv6QaG	NCT	k-pop	66	553265	1qq7YnBOcXtfX3tCCMJllG	Black on Black	61	197980	0.523	0.864	10	-4.746	0	0.359	0.106	4.54e-4	0.0672	0.247	142.11	audio_features	197981	4
k-pop	5dCvSnVduaFleCnyy98JMo	HEIZE	k-indie; k-pop; korean pop; korean r&b	60	174028	1qz2bFE5ZtwZSd6DNed2RJ	Shut Up & Groove (feat. DEAN) [From And July]	52	199281	0.655	0.665	7	-4.785	1	0.0358	0.0873	0	0.122	0.535	112.831	audio_features	199281	4
k-pop	1xs6WFotNQSXweo0GXrS0O	EXID	k-pop	61	635606	1RHpIU25l0TTztLQ0aRKOT	How Why	46	231716	0.717	0.716	7	-5.397	1	0.05	0.107	0	0.733	0.39	100.001	audio_features	231717	4
k-pop	7nqOGRxlXj7N2JYbgNEjYH	SEVENTEEN	k-pop	71	1847055	1Rrj7KyS2R6SP9CQMDJW1w	VERY NICE	64	192092	0.746	0.898	3	-2.818	0	0.0725	0.0526	0	0.0858	0.879	121.967	audio_features	192093	4
k-pop	2CvaqAMMsX576VBehaJ0Wx	Wanna One	k-pop	64	905140	1rsvpq2FuGdEih29HcHla5	Always (Acoustic Ver.)	50	257948	0.473	0.385	6	-5.887	1	0.0287	0.753	0	0.127	0.523	147.83	audio_features	257948	4
k-pop	7n2Ycct7Beij7Dj7meI4X0	TWICE	k-pop	78	2099516	1S6zXoXhfalX2ETKo337Md	YES or YES	76	237685	0.702	0.913	11	-2.977	1	0.0374	0.0514	3.71e-6	0.166	0.735	137.982	audio_features	237685	4
k-pop	3HqSLMAZ3g3d5poNaI7GOU	IU	k-pop; korean pop	71	633819	1SwZVVH9BnXtLRLi2cbFhw	Good day	59	233613	0.643	0.878	9	-2.998	1	0.0673	0.163	0	0.105	0.583	128.035	audio_features	233613	4
k-pop	3paGCCtX1Xr4Gx53mSeZuQ	NCT U	k-pop	64	771747	1T6IInAAec7tVQj3lMxxa3	텐데...Timeless (Sung by JAEHYUN, DOYOUNG, TAEIL) - Instrumental	28	250827	0.606	0.378	1	-8.618	1	0.034	0.0311	0.872	0.101	0.137	127.991	audio_features	250828	4
k-pop	13rF01aOogvnkuQXOlgTW8	TAEMIN	k-pop; korean pop	63	492825	1T7NW3LwpJZw381bfiPPBz	Press Your Number	55	226257	0.656	0.78	10	-3.609	0	0.058	0.186	0	0.209	0.613	120.021	audio_features	226258	4
k-pop	6aLdhHUqgdKE86xbtNmY8g	Crush	k-indie; k-pop; korean pop; korean r&b	65	298667	1TM0n3pwhDOPZhmhDRpOLS	Don’t Forget	58	219106	0.646	0.628	5	-5.81	1	0.0337	0.451	0	0.198	0.261	93.897	audio_features	219107	4
k-pop	3qNVuliS40BLgXGxhdBdqu	TAEYEON	k-pop; korean pop	65	555701	1ukyvyEeSg1odSQvhlRAIU	Rain	53	222047	0.567	0.687	8	-3.269	1	0.0329	0.538	1.29e-5	0.0883	0.406	76.024	audio_features	222047	4
k-pop	5TnQc2N1iKlFjYD7CPGvFc	Day6	k-pop; korean pop	67	435460	1uszVo0bVPALn32ix2kJ9e	Shoot Me	67	175836	0.583	0.916	1	-1.396	1	0.149	0.0683	0	0.0489	0.732	167.933	audio_features	175837	4
k-pop	3paGCCtX1Xr4Gx53mSeZuQ	NCT U	k-pop	64	771747	1VLEqquT268Ke46e5DZ1dH	일곱 번째 감각 The 7th Sense (Sung by TAEYONG, MARK, JAEHYUN, DOYOUNG, TEN)	52	214035	0.682	0.502	2	-9.507	1	0.0713	0.0124	8.45e-6	0.107	0.218	108.08	audio_features	214035	4
k-pop	5RR0MLwcjc87wjSw2JYdwx	MOMOLAND	k-pop	68	719478	1WbEK3tM3TO10HoHtaZjls	Same Same	49	198880	0.76	0.932	0	-2.04	0	0.056	0.296	9.13e-5	0.18	0.528	124.018	audio_features	198881	4
k-pop	5na1LmEmK2VzNLje9snJYW	The Rose	k-pop; korean pop	59	192898	1WvAdtjJOBv0pAR5yKr2ov	BABY	56	173599	0.647	0.804	11	-5.416	0	0.13	0.0337	0	0.119	0.516	121.799	audio_features	173600	4
k-pop	2JhAlkmukNvarUpGhTFXUQ	KARD	k-pop	61	702916	1ZgfAxHQCXLt8o1VXEHHAt	Oh NaNa (Hidden. HUR YOUNG JI)	60	206772	0.756	0.922	1	-2.683	1	0.053900000000000003	0.0615	4.62e-4	0.0723	0.809	100.005	audio_features	206773	4
k-pop	3Nrfpe0tUJi4K4DXYWgMUX	BTS	k-pop	91	7553232	1ZPpGPko8oULTmi34rozMh	Trivia 轉 : Seesaw	75	246334	0.707	0.791	5	-4.481	0	0.035	0.181	0	0.102	0.678	106.985	audio_features	246334	4
k-pop	5dCvSnVduaFleCnyy98JMo	HEIZE	k-indie; k-pop; korean pop; korean r&b	60	174028	1Zv6zo71iDXH07Lin7hxMg	Don't know you	60	189410	0.699	0.562	4	-5.573	0	0.253	0.213	0	0.42	0.471	104.995	audio_features	189410	4
k-pop	4o7tWrzQOqarDtTMWD2HV9	LAY	chinese electropop; k-pop	72	208274	1zwSJRvfYnGiY1CqXwLQUQ	Lay U Down	53	186600	0.47	0.701	0	-5.441	0	0.258	0.0715	0	0.102	0.651	135.918	audio_features	186601	4
k-pop	41MozSoPIsD1dJM0CLPjZF	BLACKPINK	k-pop	84	4054149	1Zyd6zQnC6XIIzmg3hP7Ot	As If It's Your Last	77	213264	0.786	0.853	8	-2.687	1	0.0816	0.0688	0	0.0759	0.45	125.034	audio_features	213264	4
k-pop	6gzXCdfYfFe5XKhPKkYqxV	SUPER JUNIOR	k-pop; korean pop	69	979619	1Zz7lQOhWPYh8dNQCwVkdG	One More Time (Otra Vez)	67	186468	0.685	0.841	5	-3.975	1	0.0327	0.0408	5.28e-5	0.274	0.486	99.981	audio_features	186468	4
k-pop	7kAYwEKDbUNlUJh4yxjW3o	Agust D	k-pop	60	786945	2241mgLB8g6UVHLS0PULye	Interlude_dream, Reality	52	92685	0.595	0.255	1	-10.061	1	0.0454	0.641	0.873	0.101	0.077	150.108	audio_features	92685	4
k-pop	5WY88tCMFA6J6vqSN3MmDZ	NELL	k-indie; korean pop	60	18228	22ideJeof2le38R85diQT6	TODAY	34	255569	0.533	0.716	5	-4.795	1	0.0384	0.233	0.0254	0.218	0.382	169.839	audio_features	255570	4
k-pop	2JhAlkmukNvarUpGhTFXUQ	KARD	k-pop	61	702916	22iz04Hw1tz0NBpiyoEMT1	RUMOR	57	217746	0.726	0.758	8	-3.343	1	0.178	0.0488	0	0.0881	0.609	88.992	audio_features	217747	4
k-pop	6gzXCdfYfFe5XKhPKkYqxV	SUPER JUNIOR	k-pop; korean pop	69	979619	23z7nLq4CD83EyzeeIokkt	Mamacita (아야야)	57	207743	0.716	0.928	7	-0.005	1	0.084	0.0777	0	0.0702	0.697	101.564	audio_features	207744	4
k-pop	0siBQaURCli5wn2lqv8WZg	DPR LIVE	k-hop; k-pop; korean pop; korean r&b	59	113116	24oBQMb4RRaqrCkoEsGU25	Cheese & Wine	53	193974	0.642	0.754	1	-5.66	0	0.234	0.0315	0	0.271	0.706	149.973	audio_features	193974	4
k-pop	1gBUSTR3TyDdTVFIaQnc02	NCT DREAM	k-pop	65	676416	24PhZrRiALtUXgdwXkEwGt	마지막 첫사랑 My First and Last	55	201980	0.799	0.899	2	-3.945	1	0.131	0.018	0	0.0801	0.589	108.051	audio_features	201980	4
k-pop	1gBUSTR3TyDdTVFIaQnc02	NCT DREAM	k-pop	65	676416	26vOBLHS116a4WNUVlvAUW	We Go Up	70	183293	0.893	0.77	8	-4.692	1	0.107	0.0138	0	0.225	0.349	122.067	audio_features	183293	4
k-pop	5qRSs6mvI17zrkJpOHkCoM	iKON	k-pop	74	1092967	27kB4qLUCV8nZd2eOgj1Tk	KILLING ME	76	193733	0.76	0.672	9	-5.277	0	0.0732	0.465	0	0.205	0.505	127.986	audio_features	193734	4
k-pop	1wKpMkucynaTfG8lyPprYV	PENTAGON	k-pop	66	350023	27urPq4di74NefAzywyQy7	Critical Beauty	52	196923	0.777	0.756	5	-3.359	0	0.0793	0.111	0	0.463	0.658	93.987	audio_features	196923	4
k-pop	2e4G04F77jxVuDYo44TCSm	Loco	k-hop; k-pop; korean pop; korean r&b	63	69907	27zrFrtUtWl2urlvjOn5xc	Say Yes	60	218897	0.685	0.777	1	-4.654	0	0.063	0.353	0	0.329	0.417	95.049	audio_features	218897	4
k-pop	6aLdhHUqgdKE86xbtNmY8g	Crush	k-indie; k-pop; korean pop; korean r&b	65	298667	28rrN7Ld05dEpnzfbveu0A	fall	52	231571	0.634	0.402	0	-9.011	1	0.0313	0.849	7.36e-6	0.0678	0.247	85.003	audio_features	231572	4
k-pop	3eCd0TZrBPm2n9cDG6yWfF	DEAN	k-pop; korean pop; korean r&b	66	449290	2AA1f7utyvXpmtKsEvp5lz	dayfly	61	207112	0.726	0.492	10	-8.046	0	0.0794	0.566	8.14e-6	0.257	0.526	85.939	audio_features	207113	4
k-pop	3Nrfpe0tUJi4K4DXYWgMUX	BTS	k-pop	91	7553232	2AIWoHr9DF6y4KALCBKWQS	IDOL	81	222732	0.734	0.855	9	-3.211	1	0.118	0.00481	0	0.123	0.422	126.035	audio_features	222732	4
k-pop	2AfmfGFbe0A0WsTYm0SDTx	(G)I-DLE	k-pop	74	340750	2bSwPOwFskjLWMb09Ppqoo	What’s in your house?	50	207145	0.768	0.788	1	-6.04	0	0.0436	0.47	4.55e-6	0.133	0.729	122.008	audio_features	207146	4
k-pop	5DuzBeOgFwViFcv00Q5PFb	WINNER	k-pop; korean pop	65	987863	2CCyeyaPmGRpVxmRwu3HZo	FOOL	59	221793	0.649	0.601	4	-5.452	1	0.0347	0.721	0	0.108	0.522	140.031	audio_features	221793	4
k-pop	6gzXCdfYfFe5XKhPKkYqxV	SUPER JUNIOR	k-pop; korean pop	69	979619	2cRTwcRq1idIR9NrcYKb63	미인아 Bonamana	53	239186	0.79	0.911	11	-1.756	0	0.074	4.44e-4	0.0145	0.101	0.876	125.012	audio_features	239187	4
k-pop	6MoXcK2GyGg7FIyxPU5yW6	SUNMI	k-pop	67	426173	2dd0XiwTvP3uWk52zypX0o	곡선	53	217353	0.714	0.836	0	-5.518	0	0.0563	0.238	0	0.128	0.712	94.996	audio_features	217353	4
k-pop	5RR0MLwcjc87wjSw2JYdwx	MOMOLAND	k-pop	68	719478	2dzKsmPB4nL5KlUrPN34kL	Curious	46	196353	0.68	0.542	5	-4.062	1	0.0259	0.0197	1.63e-6	0.109	0.472	100.043	audio_features	196353	4
k-pop	1wKpMkucynaTfG8lyPprYV	PENTAGON	k-pop	66	350023	2eFxLz75W0KJSp8Sp8w2Dt	Runaway	58	205113	0.719	0.83	6	-2.933	0	0.0462	0.106	0	0.0425	0.605	93.027	audio_features	205114	4
k-pop	6MoXcK2GyGg7FIyxPU5yW6	SUNMI	k-pop	67	426173	2EK48RuuE8HHMDzD2rEDqL	Siren	74	199133	0.61	0.905	9	-3.686	0	0.0369	0.0142	0	0.0592	0.521	122.012	audio_features	199134	4
k-pop	5WY88tCMFA6J6vqSN3MmDZ	NELL	k-indie; korean pop	60	18228	2EoRtd7SLj3E8Lp2TABI1S	Broken	27	232304	0.277	0.955	8	-4.741	1	0.0789	0.00174	0.335	0.327	0.388	95.523	audio_features	232305	4
k-pop	2AfmfGFbe0A0WsTYm0SDTx	(G)I-DLE	k-pop	74	340750	2ezKXygNO30pXyDQXkm6oD	LATATA	72	202772	0.774	0.792	9	-4.019	0	0.224	0.00427	1.15e-6	0.283	0.505	98.1	audio_features	202773	4
k-pop	5HenzRvMtSrgtvU16XAoby	Zion.T	k-indie; k-pop; korean pop; korean r&b	62	249919	2F55YBLxW82MIvzdnHaacy	My Luv	53	194635	0.803	0.434	10	-6.673	0	0.034	0.554	0	0.183	0.641	90.003	audio_features	194635	4
k-pop	3qNVuliS40BLgXGxhdBdqu	TAEYEON	k-pop; korean pop	65	555701	2FG7k4aaCUjXX6NpCkCpgC	All Night Long	51	222693	0.758	0.686	9	-4.213	0	0.0313	0.0234	2.81e-6	0.0928	0.904	89.019	audio_features	222693	4
k-pop	5r1tUTxVSgvBHnoDuDODPH	IZ*ONE	k-pop	65	41980	2FQ42rxlSqvR7Q2vGSPcaY	Memory	58	202917	0.419	0.614	8	-5.557	1	0.0358	0.145	0	0.105	0.249	72.989	audio_features	202917	4
k-pop	52zMTJCKluDlFwMQWmccY7	LOOΠΔ	k-pop	64	237804	2hynpFtQsg5wqVevY8z6G7	favOriTe	57	194253	0.592	0.942	4	-1.495	0	0.0612	0.00801	0	0.405	0.554	98.986	audio_features	194254	4
k-pop	0siBQaURCli5wn2lqv8WZg	DPR LIVE	k-hop; k-pop; korean pop; korean r&b	59	113116	2IgbYlOlFpiSFYnsqB39lM	Jasmine	60	201510	0.593	0.487	8	-5.875	1	0.113	0.323	0	0.122	0.384	69.009	audio_features	201511	4
k-pop	3eCd0TZrBPm2n9cDG6yWfF	DEAN	k-pop; korean pop; korean r&b	66	449290	2jiI8bNSDu7UxTtDCOqh3L	21	56	207129	0.68	0.724	6	-5.633	0	0.133	0.163	0	0.349	0.566	109.974	audio_features	207130	4
k-pop	4Kxlr1PRlDKEB0ekOCyHgX	BIGBANG	j-pop; k-hop; k-pop	71	2495384	2jJiOwmdErFy7I5moPtjfs	SOBER	59	237583	0.649	0.827	5	-3.465	1	0.0838	0.00676	0	0.916	0.456	129.963	audio_features	237584	4
k-pop	5WY88tCMFA6J6vqSN3MmDZ	NELL	k-indie; korean pop	60	18228	2Kcs3QR8VfcFG7mUeewnyP	Loop	32	238895	0.676	0.508	2	-7.515	1	0.0577	0.564	1.42e-4	0.101	0.323	106.015	audio_features	238895	4
k-pop	2AfmfGFbe0A0WsTYm0SDTx	(G)I-DLE	k-pop	74	340750	2kgjb8aqV3202cAN7jUaNR	Hear me	49	236941	0.573	0.544	4	-6.24	1	0.0288	0.816	0	0.125	0.316	129.914	audio_features	236941	4
k-pop	7f4ignuCJhLXfZ9giKT7rH	NCT 127	k-pop	71	989441	2lAxhE5s3x7OS9sfhsgT1F	Regular - Korean Version	67	217706	0.733	0.801	9	-5.339	0	0.0765	0.237	0	0.287	0.878	133.998	audio_features	217707	4
k-pop	3cjEqqelV9zb4BYE3qDQ4O	EXO	k-pop	79	3271527	2MqK2bA1U6MO0EbUpCOG2r	Sign	70	193852	0.637	0.669	1	-5.289	1	0.0732	0.0135	0	0.406	0.501	168.117	audio_features	193853	4
k-pop	41MozSoPIsD1dJM0CLPjZF	BLACKPINK	k-pop	84	4054149	2naEVOadudtXHwtZNfjMDM	Forever Young	77	237076	0.6	0.96	4	-1.807	1	0.095	0.0426	0	0.0882	0.503	109.863	audio_features	237077	4
k-pop	1gBUSTR3TyDdTVFIaQnc02	NCT DREAM	k-pop	65	676416	2nChvM2Tyv1ib8AvfCJcOe	We Young	57	224466	0.712	0.857	0	-4.194	1	0.0414	0.0579	0	0.0684	0.338	123.041	audio_features	224467	4
k-pop	7f4ignuCJhLXfZ9giKT7rH	NCT 127	k-pop	71	989441	2nOdZukkmCi4HyAnn4GHuU	Replay (PM 01:27)	61	219626	0.723	0.692	8	-6.684	1	0.059	0.216	4.88e-5	0.13	0.3	125.031	audio_features	219627	4
k-pop	13rF01aOogvnkuQXOlgTW8	TAEMIN	k-pop; korean pop	63	492825	2nxYJsog7BFm0xCg90MIQq	Thirsty	55	206993	0.67	0.653	3	-5.532	0	0.0656	0.058	0	0.0978	0.493	105.017	audio_features	206993	4
k-pop	5RR0MLwcjc87wjSw2JYdwx	MOMOLAND	k-pop	68	719478	2o2L7uWccaITKSCoLp7zi5	Freeze	55	192359	0.726	0.862	1	-3.427	1	0.0476	0.0237	0	0.865	0.629	126.973	audio_features	192359	4
k-pop	2hRQKC0gqlZGPrmUKbcchR	SHINee	dance pop; j-pop; k-pop; korean pop	67	1129222	2O7DJ26ffSpxD3giTttz6m	누난 너무 예뻐 (Replay) - Live	54	217146	0.703	0.712	1	-5.491	1	0.1	0.184	3.44e-6	0.663	0.598	99.99	audio_features	217147	4
k-pop	3eCd0TZrBPm2n9cDG6yWfF	DEAN	k-pop; korean pop; korean r&b	66	449290	2p980qlVXYLh3HdHusbhfa	Pour Up	60	211972	0.886	0.493	5	-5.584	0	0.058	0.105	0	0.104	0.775	126.977	audio_features	211972	4
k-pop	2dIgFjalVxs4ThymZ67YCE	Stray Kids	k-pop	70	496372	2Q0IIf62kXoAo24LX70iyb	Get Cool	60	194758	0.804	0.854	2	-4.194	1	0.0915	0.0893	0	0.27	0.9	151.955	audio_features	194758	4
k-pop	2FLqlgckDKdmpBrvLAT5BM	Eric Nam	k-pop; korean pop	64	219554	2Q6vn3Pz85m9ttt9mOm5qZ	Miss You	63	172634	0.846	0.57	7	-5.735	0	0.0743	0.522	0	0.148	0.785	108.025	audio_features	172635	4
k-pop	2hRQKC0gqlZGPrmUKbcchR	SHINee	dance pop; j-pop; k-pop; korean pop	67	1129222	2QqH85XScNQ3dXabg3NZE5	Our Page	47	239721	0.674	0.752	5	-4.657	0	0.0326	0.295	0	0.164	0.348	107.021	audio_features	239721	4
k-pop	30b9WulBM8sFuBo17nNq9c	G-DRAGON	k-hop; k-pop; korean pop	62	1152089	2QYFbs7kZMe0L4d7soRp06	That XX	56	199629	0.763	0.47	4	-5.642	0	0.0433	0.533	0	0.133	0.801	119.885	audio_features	199629	4
k-pop	3Nrfpe0tUJi4K4DXYWgMUX	BTS	k-pop	91	7553232	2r1T6xGTVaNAqBoPH4lZEE	Waste It On Me (feat. BTS)	88	192536	0.669	0.684	7	-4.595	1	0.0585	0.252	0	0.72	0.466	96.097	audio_features	192537	4
k-pop	30b9WulBM8sFuBo17nNq9c	G-DRAGON	k-hop; k-pop; korean pop	62	1152089	2r2gvUBwEOiE2IRs24oK9G	삐딱하게 (Crooked)	60	224792	0.665	0.919	2	-3.211	1	0.0921	0.00191	0	0.0588	0.783	129.961	audio_features	224793	4
k-pop	41MozSoPIsD1dJM0CLPjZF	BLACKPINK	k-pop	84	4054149	2r5oD7twaQTsv5KoRS6v16	Really	71	197789	0.695	0.881	1	-2.082	1	0.104	0.0234	0	0.277	0.947	142.018	audio_features	197789	4
k-pop	5DIi2JWfQPTKffaVBlIYRn	Sik-K	k-hop; k-pop; korean pop; korean r&b	61	104507	2S5HgahRdEHaqwHJyRV1FX	JUST U (PROD. GroovyRoom)	46	203697	0.714	0.842	6	-4.482	1	0.0757	0.104	0	0.0425	0.849	111	audio_features	203698	4
k-pop	3paGCCtX1Xr4Gx53mSeZuQ	NCT U	k-pop	64	771747	2sVHIx5p8pZVT3f0F20l3e	Radio Romance (Sung by TAEIL, DOYOUNG) Inst.	22	219125	0.663	0.763	2	-7.134	1	0.0257	0.0037200000000000002	0.684	0.18	0.426	114.985	audio_features	219126	4
k-pop	2hRQKC0gqlZGPrmUKbcchR	SHINee	dance pop; j-pop; k-pop; korean pop	67	1129222	2sVtrcj32v3fR8mLjqWziv	Sherlock (Clue + Note)	53	239186	0.64	0.937	1	-2.112	1	0.0839	0.0069	0	0.393	0.316	107.013	audio_features	239187	4
k-pop	4Kxlr1PRlDKEB0ekOCyHgX	BIGBANG	j-pop; k-hop; k-pop	71	2495384	2TdhkLmxjvPy98HoWmo9i8	LET’S NOT FALL IN LOVE	59	211983	0.685	0.843	0	-4.258	1	0.0499	0.121	0	0.126	0.637	125.029	audio_features	211984	4
k-pop	4o7tWrzQOqarDtTMWD2HV9	LAY	chinese electropop; k-pop	72	208274	2tuDs69B7pNvP3nzNxDb6J	SHEEP	53	205360	0.734	0.833	7	-4.918	1	0.138	9.41e-4	1.27e-6	0.0634	0.422	89.957	audio_features	205360	4
k-pop	3cjEqqelV9zb4BYE3qDQ4O	EXO	k-pop	79	3271527	2ujA6F1cpk3m8lsPE5aKua	전야 前夜 The Eve	69	176026	0.636	0.702	0	-5.352	0	0.0334	0.0223	0	0.293	0.516	135.104	audio_features	176026	4
k-pop	4o7tWrzQOqarDtTMWD2HV9	LAY	chinese electropop; k-pop	72	208274	2Vcgk8ZDYhUEvpTMuInlyW	Save You	49	211152	0.78	0.785	5	-3.205	0	0.0755	0.0246	1e-6	0.11	0.711	109.999	audio_features	211152	4
k-pop	6gzXCdfYfFe5XKhPKkYqxV	SUPER JUNIOR	k-pop; korean pop	69	979619	2VVqxQhALecXvaArlZSVXr	Lo Siento	66	226183	0.746	0.738	9	-3.67	1	0.207	0.0705	0	0.043	0.63	94.808	audio_features	226184	4
k-pop	1xs6WFotNQSXweo0GXrS0O	EXID	k-pop	61	635606	2WusoL0p5HmFzhR5DLGUVx	Lady	58	190501	0.705	0.952	1	-2.896	0	0.0489	0.0337	0	0.382	0.633	107.001	audio_features	190502	4
k-pop	0b1sIQumIAsNbqAoIClSpy	j-hope	k-hop; k-pop	63	849372	2xYpEh4RtRcHOK5XOG7XQz	P.O.P (Piece Of Peace) pt.1	59	181113	0.547	0.845	6	-5.293	1	0.0866	0.00652	2.4e-6	0.0604	0.67	175.816	audio_features	181113	4
k-pop	0b1sIQumIAsNbqAoIClSpy	j-hope	k-hop; k-pop	63	849372	2yAr91sJO2OQinZLghgnzr	Blue Side (Outro)	62	90539	0.499	0.394	9	-10.202	0	0.0261	0.0149	0.901	0.309	0.0812	80.466	audio_features	90540	4
k-pop	6nfDaffa50mKtEOwR8g4df	GOT7	k-pop	72	1828380	2zSwsJyjrP0G8wUm0eiSuw	딱 좋아(Just right)	64	222398	0.76	0.781	11	-2.881	0	0.0641	0.233	0	0.106	0.736	95.97	audio_features	222399	4
k-pop	5DIi2JWfQPTKffaVBlIYRn	Sik-K	k-hop; k-pop; korean pop; korean r&b	61	104507	33uDroYGg4ns0kwoPNi12M	KITKAT (Prod. WOOGIE)	44	193868	0.855	0.582	0	-4.933	1	0.102	0.278	0	0.0495	0.907	75.01	audio_features	193869	4
k-pop	30b9WulBM8sFuBo17nNq9c	G-DRAGON	k-hop; k-pop; korean pop	62	1152089	35dEFabeYvGLrOMc9c1tES	무제(無題) (Untitled, 2014)	62	222867	0.575	0.461	4	-5.153	1	0.0317	0.785	1.75e-5	0.13	0.266	79.971	audio_features	222868	4
k-pop	5qRSs6mvI17zrkJpOHkCoM	iKON	k-pop	74	1092967	374WyJeaSR9Cmq4kuFzoqu	RHYTHM TA	60	227056	0.764	0.819	2	-4.104	0	0.114	0.127	0	0.332	0.603	81.975	audio_features	227056	4
k-pop	4Kxlr1PRlDKEB0ekOCyHgX	BIGBANG	j-pop; k-hop; k-pop	71	2495384	37DVuXUPIFPsYBmr6hBoxA	FLOWER ROAD	61	228631	0.709	0.654	1	-4.765	0	0.0858	0.124	0	0.15	0.624	94.858	audio_features	228632	4
k-pop	1z4g3DjTBBZKhvAroFlhOM	Red Velvet	k-pop	74	1753769	381g0b6QZxC13SzA2HRMIc	Power Up	72	202040	0.732	0.934	8	-4.618	1	0.144	0.0774	0.00745	0.306	0.898	159.998	audio_features	202040	4
k-pop	6MoXcK2GyGg7FIyxPU5yW6	SUNMI	k-pop	67	426173	38TP2hg0hFxKmpV9PxISN7	Black Pearl	57	199320	0.709	0.646	8	-6.596	0	0.052	0.16	1.76e-4	0.0779	0.716	100.031	audio_features	199320	4
k-pop	5WY88tCMFA6J6vqSN3MmDZ	NELL	k-indie; korean pop	60	18228	3aVhcIwN9EI3PhpKwNYugV	Dream catcher	30	196826	0.555	0.736	7	-5.998	1	0.0244	0.0223	0.0013	0.158	0.385	89.997	audio_features	196827	4
k-pop	3Nrfpe0tUJi4K4DXYWgMUX	BTS	k-pop	91	7553232	3aW0ds4A4tSQDIp75FqWTo	FAKE LOVE	79	242333	0.557	0.719	2	-4.515	0	0.0372	0.00267	0	0.306	0.344	77.501	audio_features	242334	4
k-pop	41MozSoPIsD1dJM0CLPjZF	BLACKPINK	k-pop	84	4054149	3AyLh4R4D3fQfyqCsTdFf3	See U Later	71	198866	0.741	0.926	9	-3.968	0	0.112	0.0376	0	0.582	0.571	106.99	audio_features	198867	4
k-pop	5r1tUTxVSgvBHnoDuDODPH	IZ*ONE	k-pop	65	41980	3BojwEFl96Bfv6X05J2Dam	We Together - IZ*ONE Ver.	59	226225	0.674	0.9	4	-3.114	1	0.215	0.188	0	0.592	0.651	115.116	audio_features	226226	4
k-pop	5RR0MLwcjc87wjSw2JYdwx	MOMOLAND	k-pop	68	719478	3BPoSr2pO34Aan6alFfVto	BBoom BBoom	75	208863	0.785	0.744	3	-4.249	0	0.0369	0.0149	0.00666	0.0661	0.833	126.018	audio_features	208863	4
k-pop	5TnQc2N1iKlFjYD7CPGvFc	Day6	k-pop; korean pop	67	435460	3buINMOsA0XNnAjLL5oSuR	좋아합니다 I like you	55	240604	0.442	0.705	7	-4.94	1	0.0324	0.0124	0	0.121	0.35	149.954	audio_features	240605	4
k-pop	4Kxlr1PRlDKEB0ekOCyHgX	BIGBANG	j-pop; k-hop; k-pop	71	2495384	3CV5ak1oN85Vjx1NHiLK7H	BAE BAE	60	169482	0.687	0.63	0	-4.914	1	0.0401	0.0084	0	0.208	0.402	140.011	audio_features	169482	4
k-pop	2e4G04F77jxVuDYo44TCSm	Loco	k-hop; k-pop; korean pop; korean r&b	63	69907	3e0VhBdgJLUhI1ErcrY64B	Think About' Chu	50	239837	0.779	0.559	11	-6.282	1	0.0778	0.225	0	0.0924	0.9	85.005	audio_features	239837	4
k-pop	5DuzBeOgFwViFcv00Q5PFb	WINNER	k-pop; korean pop	65	987863	3e2blQpgdH9pIrrGFI6SZw	걔 세 I'm Him	49	172714	0.876	0.766	11	-6.324	1	0.186	0.0298	4e-4	0.0864	0.771	104.998	audio_features	172714	4
k-pop	5WY88tCMFA6J6vqSN3MmDZ	NELL	k-indie; korean pop	60	18228	3E4UI3NsotBPrfewEa53rj	Habitual Irony	27	270400	0.471	0.723	2	-5.47	1	0.025	6.69e-4	6.21e-6	0.285	0.192	82.032	audio_features	270400	4
k-pop	1xs6WFotNQSXweo0GXrS0O	EXID	k-pop	61	635606	3ekdsWPG0ZtVrvEUPe2Djv	Night Rather Than Day	49	198414	0.756	0.845	1	-3.095	1	0.139	0.111	0	0.311	0.711	110.027	audio_features	198414	4
k-pop	7f4ignuCJhLXfZ9giKT7rH	NCT 127	k-pop	71	989441	3fIJFcqNEqKsfK52y6q1CS	Run Back 2 U - Bonus Track	60	219720	0.685	0.728	1	-6.659	0	0.124	0.0264	4.15e-4	0.109	0.335	139.92	audio_features	219720	4
k-pop	2e4G04F77jxVuDYo44TCSm	Loco	k-hop; k-pop; korean pop; korean r&b	63	69907	3fyx5Gt2ikkQqQ5PzsG0zi	Balance	50	186590	0.794	0.495	1	-8.481	1	0.335	0.841	3.08e-4	0.0968	0.698	105.056	audio_features	186590	4
k-pop	3HqSLMAZ3g3d5poNaI7GOU	IU	k-pop; korean pop	71	633819	3h7WIL3B6nP3171zl6HWj8	Jam Jam	57	218160	0.733	0.697	7	-4.622	1	0.0544	0.121	3.72e-6	0.218	0.388	116.019	audio_features	218160	4
k-pop	2FLqlgckDKdmpBrvLAT5BM	Eric Nam	k-pop; korean pop	64	219554	3i7OLkVcsYvJI8fLPCFP22	FLOAT	53	183652	0.728	0.746	9	-4.57	1	0.0312	0.0683	2.88e-5	0.137	0.582	115.006	audio_features	183652	4
k-pop	6gzXCdfYfFe5XKhPKkYqxV	SUPER JUNIOR	k-pop; korean pop	69	979619	3IQ9FJ2cMVQtger5ZhgCaj	Devil	56	216584	0.773	0.865	4	-3.027	0	0.114	0.133	0	0.052	0.968	145.003	audio_features	216585	4
k-pop	0siBQaURCli5wn2lqv8WZg	DPR LIVE	k-hop; k-pop; korean pop; korean r&b	59	113116	3IW5rhsRBxstifAnjQyUI9	Action!	54	190812	0.681	0.785	1	-4.165	0	0.105	0.16	0	0.582	0.933	103.084	audio_features	190813	4
k-pop	3paGCCtX1Xr4Gx53mSeZuQ	NCT U	k-pop	64	771747	3K8yw3FK4q0j05XabjP6mE	Baby Don't Stop - Special Thai Version	48	183019	0.843	0.722	1	-6.403	1	0.0696	0.0218	5.31e-6	0.0424	0.344	95.981	audio_features	183020	4
k-pop	2hRQKC0gqlZGPrmUKbcchR	SHINee	dance pop; j-pop; k-pop; korean pop	67	1129222	3mjfQvA5gAV6XnH0ZWnIyI	Good Evening	52	223514	0.678	0.809	8	-4.162	1	0.0598	0.0383	0	0.243	0.561	119.979	audio_features	223515	4
k-pop	2e4G04F77jxVuDYo44TCSm	Loco	k-hop; k-pop; korean pop; korean r&b	63	69907	3mNbGPCLCxia3yvwWp2P51	It Takes Time	55	231602	0.728	0.503	3	-7.147	1	0.08	0.777	2.57e-6	0.249	0.267	120.032	audio_features	231602	4
k-pop	5RR0MLwcjc87wjSw2JYdwx	MOMOLAND	k-pop	68	719478	3N0jod5ddBejMctBFUSEHo	Only one you	47	234356	0.686	0.651	5	-4.59	1	0.0266	0.395	0	0.157	0.495	93.972	audio_features	234357	4
k-pop	2CvaqAMMsX576VBehaJ0Wx	Wanna One	k-pop	64	905140	3NkkcnnKrNHv4AiGaPdD76	Energetic	61	189355	0.714	0.886	0	-3.076	1	0.0461	0.058	0	0.112	0.752	125.046	audio_features	189356	4
k-pop	1xs6WFotNQSXweo0GXrS0O	EXID	k-pop	61	635606	3nXUfNbkv8ikaSdHwEp0oY	DDD	64	205821	0.718	0.794	11	-2.877	0	0.0703	0.0806	0	0.0679	0.751	114.285	audio_features	205821	4
k-pop	5na1LmEmK2VzNLje9snJYW	The Rose	k-pop; korean pop	59	192898	3Nztenly509CR6iuN5vRrG	Candy (so good)	50	165478	0.658	0.779	5	-5.375	1	0.0492	0.292	7.64e-5	0.161	0.678	115.936	audio_features	165479	4
k-pop	7f4ignuCJhLXfZ9giKT7rH	NCT 127	k-pop	71	989441	3o8QzWsiiqTUVgBZfHgF58	Cherry Bomb	67	236667	0.713	0.603	6	-4.896	0	0.287	7.59e-4	5.51e-6	0.0453	0.799	78.027	audio_features	236667	4
k-pop	5dCvSnVduaFleCnyy98JMo	HEIZE	k-indie; k-pop; korean pop; korean r&b	60	174028	3OYuHSIBy3KrBDXG9Au5r8	Sorry	47	217595	0.708	0.676	6	-5.856	0	0.0316	0.458	9.66e-5	0.186	0.491	118.984	audio_features	217596	4
k-pop	3HqSLMAZ3g3d5poNaI7GOU	IU	k-pop; korean pop	71	633819	3P3UA61WRQqwCXaoFOTENd	Through the Night	64	253293	0.428	0.313	8	-7.327	1	0.0391	0.757	0	0.309	0.284	78.723	audio_features	253293	4
k-pop	3Nrfpe0tUJi4K4DXYWgMUX	BTS	k-pop	91	7553232	3p6hnejEQYXkiTO1lAzVc0	Euphoria	78	228615	0.637	0.799	2	-4.519	1	0.0338	0.394	0	0.0921	0.562	104.995	audio_features	228615	4
k-pop	5HenzRvMtSrgtvU16XAoby	Zion.T	k-indie; k-pop; korean pop; korean r&b	62	249919	3PWyoYwI4iHLnLWltMt4gd	No Make Up	57	189154	0.758	0.402	9	-5.066	1	0.0459	0.411	0	0.217	0.519	92.109	audio_features	189154	4
k-pop	4XDi67ZENZcbfKnvMnTYsI	Jay Park	k-hop; k-pop; korean pop; korean r&b	68	632898	3qGHAKgjQruzj6doKkyEb5	Unlock It (feat. Kim Petras and Jay Park)	57	232933	0.504	0.711	9	-5.864	1	0.0452	0.0585	1.83e-5	0.382	0.5	134.824	audio_features	232933	4
k-pop	5qRSs6mvI17zrkJpOHkCoM	iKON	k-pop	74	1092967	3r95WVcTpHllv8wuCUltKX	DON'T LET ME KNOW	66	201290	0.625	0.735	7	-4.358	1	0.0366	0.185	0	0.318	0.625	129.959	audio_features	201291	4
k-pop	13rF01aOogvnkuQXOlgTW8	TAEMIN	k-pop; korean pop	63	492825	3rHLceza18qUqyIV90Mw2E	Pinocchio	48	184041	0.757	0.635	9	-5.663	0	0.209	0.138	0	0.161	0.799	109.972	audio_features	184041	4
k-pop	1xs6WFotNQSXweo0GXrS0O	EXID	k-pop	61	635606	3t1HegTbjLFXUaNAElhR7T	Hot Pink	53	200729	0.769	0.962	1	-1.812	1	0.0691	0.357	2.32e-6	0.375	0.708	107.008	audio_features	200729	4
k-pop	4TnGh5PKbSjpYqpIdlW5nz	Monsta X	k-pop	70	1233646	3TM7sUA8tMzndo6G8E526g	Jealousy	62	207029	0.695	0.852	6	-4.528	0	0.127	0.00701	0	0.14	0.496	102.988	audio_features	207030	4
k-pop	7f4ignuCJhLXfZ9giKT7rH	NCT 127	k-pop	71	989441	3u34tP62fx4FI4IbqmgiGe	Chain	60	222146	0.6	0.961	10	-1.674	0	0.114	0.117	0	0.477	0.74	140.056	audio_features	222147	4
k-pop	3eCd0TZrBPm2n9cDG6yWfF	DEAN	k-pop; korean pop; korean r&b	66	449290	3uA8SjMyDtwtt0jLPMQbVD	D (Half Moon)	63	229359	0.514	0.764	7	-5.161	1	0.134	0.234	0	0.0576	0.49	169.836	audio_features	229360	4
k-pop	4TnGh5PKbSjpYqpIdlW5nz	Monsta X	k-pop	70	1233646	3utoyXrzB3d8ahf4tqazTs	Beautiful	60	204009	0.62	0.906	2	-2.951	0	0.139	0.163	0	0.214	0.884	154.002	audio_features	204010	4
k-pop	2JhAlkmukNvarUpGhTFXUQ	KARD	k-pop	61	702916	3uuDH3BFu1qF8hMflQznYH	Knockin' on my heaven's door	48	230153	0.676	0.818	7	-4.06	1	0.295	0.188	0	0.261	0.753	139.741	audio_features	230153	4
k-pop	5dCvSnVduaFleCnyy98JMo	HEIZE	k-indie; k-pop; korean pop; korean r&b	60	174028	3vAncbML0jhNrp63DKhsCo	Round and round (feat. Han Suji)	58	201658	0.603	0.688	0	-5.13	0	0.0327	0.757	0.23	0.0718	0.504	119.99	audio_features	201659	4
k-pop	2JhAlkmukNvarUpGhTFXUQ	KARD	k-pop	61	702916	3VC1IEz9M1txlMSx3h3tPM	Hola Hola	61	202962	0.843	0.807	1	-3.794	0	0.0632	0.0135	6.44e-5	0.227	0.833	104.962	audio_features	202963	4
k-pop	5DuzBeOgFwViFcv00Q5PFb	WINNER	k-pop; korean pop	65	987863	3WHNAF7jrtL5Grl59V1wtv	SENTIMENTAL	53	208264	0.775	0.756	7	-5.513	1	0.058	0.279	0	0.399	0.71	118.019	audio_features	208264	4
k-pop	0b1sIQumIAsNbqAoIClSpy	j-hope	k-hop; k-pop	63	849372	3xngVLz4NYEshyX3aRRXgf	Hope World	61	204930	0.706	0.896	1	-4.456	1	0.16	0.0138	0	0.595	0.767	117.038	audio_features	204931	4
k-pop	3HqSLMAZ3g3d5poNaI7GOU	IU	k-pop; korean pop	71	633819	3y7ByLZ05tluscOTRgEJ9Y	Palette (Feat. G-DRAGON)	67	217412	0.804	0.68	0	-3.81	1	0.2	0.458	0	0.102	0.62	102.013	audio_features	217413	4
k-pop	2dIgFjalVxs4ThymZ67YCE	Stray Kids	k-pop	70	496372	3YcQMEQsLWiya2zjSKKJAU	I am YOU	69	204239	0.655	0.821	11	-4.741	1	0.187	0.0158	0	0.131	0.672	144.977	audio_features	204239	4
k-pop	41MozSoPIsD1dJM0CLPjZF	BLACKPINK	k-pop	84	4054149	3yHQKddM8SVCRnuPSo3HPN	BOOMBAYAH	75	240848	0.658	0.836	5	-3.282	0	0.0549	0.00264	1.02e-6	0.507	0.387	124.969	audio_features	240849	4
k-pop	3HqSLMAZ3g3d5poNaI7GOU	IU	k-pop; korean pop	71	633819	3YkDslZvvMixTwgDId0aYB	Twenty-Three	59	194325	0.757	0.955	5	-2.299	0	0.0412	0.0168	0	0.0817	0.968	122.952	audio_features	194325	4
k-pop	0XATRDCYuuGhk0oE7C0o5G	Mamamoo	k-pop; korean pop	65	581890	3yL1v1JtX8k8zLOUoqGvq9	Yes I am	55	211660	0.74	0.893	0	-2.779	1	0.25	0.142	0	0.0518	0.65	120.092	audio_features	211660	4
k-pop	5TnQc2N1iKlFjYD7CPGvFc	Day6	k-pop; korean pop	67	435460	40Aw9oGVqN1E7pekuguwZW	어쩌다 보니 Somehow	55	202453	0.544	0.937	2	-1.12	1	0.0442	0.0686	0	0.314	0.518	140.106	audio_features	202454	4
k-pop	5dCvSnVduaFleCnyy98JMo	HEIZE	k-indie; k-pop; korean pop; korean r&b	60	174028	41lw42I7uyqwPEQOPZwcOG	Star	52	218280	0.509	0.471	11	-6.374	0	0.0721	0.572	0	0.38	0.306	68.426	audio_features	218280	4
k-pop	7n2Ycct7Beij7Dj7meI4X0	TWICE	k-pop	78	2099516	41r0BLWVIdo7CaKowcUDgM	OOH-AHH하게 Like OOH-AHH	65	215091	0.72	0.876	6	-1.166	1	0.0776	0.241	1.01e-4	0.381	0.694	141.997	audio_features	215091	4
k-pop	7kAYwEKDbUNlUJh4yxjW3o	Agust D	k-pop	60	786945	41sIKltzKnhFsDXWTKjO3R	So Far Away	62	358270	0.485	0.828	11	-4.505	0	0.112	0.00927	0	0.325	0.277	93.723	audio_features	358271	4
k-pop	1gBUSTR3TyDdTVFIaQnc02	NCT DREAM	k-pop	65	676416	42HB7NqTtooRK7Lrwvwrq2	Dear DREAM	57	189546	0.677	0.624	5	-8.973	1	0.0871	0.137	6.41e-5	0.589	0.422	93.023	audio_features	189547	4
k-pop	2FLqlgckDKdmpBrvLAT5BM	Eric Nam	k-pop; korean pop	64	219554	42I5z4IRj90oQ5iyk6aqGc	I Don't Miss You	51	172634	0.849	0.564	7	-5.559	0	0.0694	0.405	0	0.151	0.794	108.056	audio_features	172635	4
k-pop	5DuzBeOgFwViFcv00Q5PFb	WINNER	k-pop; korean pop	65	987863	42rziXmwGA04hNSMi2MliA	EVERYDAY	65	206350	0.856	0.6	7	-4.712	1	0.0705	0.289	0	0.0607	0.711	120.022	audio_features	206351	4
k-pop	1z4g3DjTBBZKhvAroFlhOM	Red Velvet	k-pop	74	1753769	42tFTth2jcF7iSo0RBjfJF	피카부 Peek-A-Boo	72	189049	0.839	0.902	1	-3.612	0	0.0536	0.0868	0.00257	0.272	0.639	114.953	audio_features	189050	4
k-pop	6aLdhHUqgdKE86xbtNmY8g	Crush	k-indie; k-pop; korean pop; korean r&b	65	298667	431fVJWWDSPmpdcNhmNQ3u	Bittersweet	48	237411	0.839	0.52	7	-4.425	0	0.047	0.573	0	0.0724	0.895	88.974	audio_features	237412	4
k-pop	5DuzBeOgFwViFcv00Q5PFb	WINNER	k-pop; korean pop	65	987863	43Y6XibvJzLJj3GyVQaEFJ	ISLAND	59	207768	0.816	0.758	3	-4.249	0	0.0468	0.342	0	0.349	0.79	102.982	audio_features	207769	4
k-pop	2CvaqAMMsX576VBehaJ0Wx	Wanna One	k-pop	64	905140	44u6id0tBroYZPLSNCHMnl	Burn It Up	54	214942	0.642	0.849	11	-3.266	0	0.0563	0.0461	0	0.398	0.601	127.923	audio_features	214942	4
k-pop	2dIgFjalVxs4ThymZ67YCE	Stray Kids	k-pop	70	496372	45uJULGOd9HoZi2aPySiwn	District 9	63	211762	0.529	0.956	9	-1.889	1	0.265	0.0124	3.6e-6	0.119	0.559	179.989	audio_features	211763	4
k-pop	0b1sIQumIAsNbqAoIClSpy	j-hope	k-hop; k-pop	63	849372	464jQiBOieEQBuo48qnPJl	Base Line	61	89769	0.909	0.644	9	-5.32	1	0.203	0.0376	0.0111	0.401	0.228	94.982	audio_features	89770	4
k-pop	2hRQKC0gqlZGPrmUKbcchR	SHINee	dance pop; j-pop; k-pop; korean pop	67	1129222	46E1ic6n099e76t5J1TbHn	View	61	190821	0.728	0.801	6	-4.428	0	0.0439	0.04	0	0.0415	0.656	123.953	audio_features	190821	4
k-pop	48eO052eSDcn8aTxiv6QaG	NCT	k-pop	66	553265	46JuEtCV69InGm7hONKrgA	INTRO: Neo Got My Back	54	117326	0.828	0.689	5	-7.97	1	0.0699	0.32	0.0118	0.11	0.176	100.042	audio_features	117326	4
k-pop	1gBUSTR3TyDdTVFIaQnc02	NCT DREAM	k-pop	65	676416	48U7tDoHquyAGPW119Xpvi	같은 시간 같은 자리 Walk you home	51	175240	0.799	0.761	11	-4.897	0	0.0453	0.309	0	0.115	0.625	97.997	audio_features	175240	4
k-pop	2e4G04F77jxVuDYo44TCSm	Loco	k-hop; k-pop; korean pop; korean r&b	63	69907	49HmLcTG7tsqz32TF3rnCC	YOUNG	65	229666	0.343	0.704	6	-4.54	0	0.158	0.304	0	0.0679	0.457	63.439	audio_features	229667	4
k-pop	5TnQc2N1iKlFjYD7CPGvFc	Day6	k-pop; korean pop	67	435460	49mV3d3dE2CZnbF4V6izja	I Loved You	56	234534	0.534	0.786	2	-2.242	1	0.0312	0.307	0	0.328	0.202	94.959	audio_features	234535	4
k-pop	4Kxlr1PRlDKEB0ekOCyHgX	BIGBANG	j-pop; k-hop; k-pop	71	2495384	4a1FFgdBIbAvyn4d40YAPZ	LOSER	63	219428	0.648	0.681	0	-4.251	0	0.0937	0.404	0	0.329	0.488	89.947	audio_features	219429	4
k-pop	5na1LmEmK2VzNLje9snJYW	The Rose	k-pop; korean pop	59	192898	4A1IK6wJ1LqH2bqGkDS6TT	I Don't Know You	51	158435	0.655	0.462	9	-4.232	1	0.0453	0.0187	3.66e-5	0.0498	0.428	98.026	audio_features	158435	4
k-pop	7n2Ycct7Beij7Dj7meI4X0	TWICE	k-pop	78	2099516	4ACeAntCpOxVeIcivmqG4S	TT	69	212990	0.708	0.853	2	-4.398	1	0.0844	0.0525	1.73e-4	0.399	0.399	129.946	audio_features	212991	4
k-pop	3HqSLMAZ3g3d5poNaI7GOU	IU	k-pop; korean pop	71	633819	4as4XEOR03oGm1STUKl6pa	BBIBBI	77	194426	0.839	0.617	7	-4.692	1	0.331	0.241	0	0.3	0.821	143.894	audio_features	194426	4
k-pop	2JhAlkmukNvarUpGhTFXUQ	KARD	k-pop	61	702916	4b1sQpvL7QVgamRZ74F1oA	Don't Recall	61	208666	0.694	0.748	10	-2.93	0	0.167	0.0222	0	0.155	0.521	92.918	audio_features	208667	4
k-pop	1xs6WFotNQSXweo0GXrS0O	EXID	k-pop	61	635606	4c1cUu1PFDX1YB6JDvG8vf	L.I.E	54	211100	0.682	0.921	1	-1.261	1	0.0707	0.0742	0	0.16	0.66	155.054	audio_features	211100	4
k-pop	13rF01aOogvnkuQXOlgTW8	TAEMIN	k-pop; korean pop	63	492825	4c2gCfdobu4UeGNhPqgTJg	Flame of Love - (Korean Version) [Bonus Track]	55	231762	0.566	0.633	5	-5.234	0	0.0327	0.205	0	0.0781	0.507	129.952	audio_features	231762	3
k-pop	20j1uz7iDOtIvIzCr5S8nx	SEUNGRI	k-pop; korean pop	68	238770	4CCNEF1xYmsMyfRWKN4BZt	SWEET LIE	44	178740	0.685	0.828	10	-4.816	0	0.051	0.176	1.35e-6	0.119	0.514	124.973	audio_features	178740	4
k-pop	30b9WulBM8sFuBo17nNq9c	G-DRAGON	k-hop; k-pop; korean pop	62	1152089	4CluCFFy6i1MUL1cYdoCif	Crayon	51	196920	0.718	0.934	11	-3.787	0	0.169	0.046	0	0.687	0.308	132.019	audio_features	196920	4
k-pop	5TnQc2N1iKlFjYD7CPGvFc	Day6	k-pop; korean pop	67	435460	4cwCVB09LU2UGNwVsWiTgW	누군가 필요해 I Need Somebody	58	218737	0.419	0.532	5	-4.759	0	0.0344	0.127	0	0.0785	0.337	184.197	audio_features	218737	4
k-pop	6nfDaffa50mKtEOwR8g4df	GOT7	k-pop	72	1828380	4e7i6UozW4fqVGOw08g0o8	Lullaby - English Ver.	59	217507	0.724	0.901	0	-2.919	1	0.1	0.00601	0	0.131	0.613	129.973	audio_features	217507	4
k-pop	3qNVuliS40BLgXGxhdBdqu	TAEYEON	k-pop; korean pop	65	555701	4eiPbjcTEJDQcsv7WV0vfD	Why	58	207777	0.615	0.879	6	-3.275	0	0.0377	0.0702	0	0.0581	0.315	105.026	audio_features	207777	4
k-pop	3cjEqqelV9zb4BYE3qDQ4O	EXO	k-pop	79	3271527	4EjUFjzi4ErWjklOA3Aslu	Tempo	80	224482	0.686	0.842	0	-4.423	1	0.1	0.237	0	0.0683	0.519	115.944	audio_features	224483	4
k-pop	5na1LmEmK2VzNLje9snJYW	The Rose	k-pop; korean pop	59	192898	4epozEKOwPtszj2zaKeVIP	with you	47	209230	0.76	0.328	3	-9.781	1	0.0349	0.92	0.00823	0.13	0.297	122.024	audio_features	209231	4
k-pop	6aLdhHUqgdKE86xbtNmY8g	Crush	k-indie; k-pop; korean pop; korean r&b	65	298667	4G5SXAQyz9D75KmKTLbI0X	Cereal	57	218096	0.883	0.567	9	-6.092	0	0.0374	0.552	0	0.108	0.561	115.051	audio_features	218097	4
k-pop	7n2Ycct7Beij7Dj7meI4X0	TWICE	k-pop	78	2099516	4g7hiqTP5eXt75XU5WSMMA	LIKEY	70	207824	0.717	0.911	4	-1.077	0	0.0344	0.397	4.67e-4	0.137	0.443	132.012	audio_features	207824	4
k-pop	2dIgFjalVxs4ThymZ67YCE	Stray Kids	k-pop	70	496372	4giQE1WslvC0WH412UVLYB	My Pace	71	189325	0.682	0.831	11	-4.234	0	0.253	0.0569	0	0.0927	0.785	155.12	audio_features	189325	4
k-pop	20j1uz7iDOtIvIzCr5S8nx	SEUNGRI	k-pop; korean pop	68	238770	4hkZc1ei3qdHA0BciI3fre	HOTLINE	46	211179	0.817	0.839	5	-3.51	0	0.0513	0.0683	0	0.0598	0.87	128.016	audio_features	211180	4
k-pop	5qRSs6mvI17zrkJpOHkCoM	iKON	k-pop	74	1092967	4HXNsjCuIdLyQmVczcJrM8	ADORE YOU	60	210575	0.5	0.54	1	-4.431	0	0.0564	0.219	0	0.109	0.425	65.321	audio_features	210575	4
k-pop	4o7tWrzQOqarDtTMWD2HV9	LAY	chinese electropop; k-pop	72	208274	4IcJOYw3jAZqIEluW2acGu	Hold On	48	191269	0.797	0.608	8	-6.338	1	0.089	0.0374	1.1e-6	0.0658	0.505	110.068	audio_features	191270	4
k-pop	5RR0MLwcjc87wjSw2JYdwx	MOMOLAND	k-pop	68	719478	4Is1b37KJY9XVCgzp81FBW	BAAM	75	208474	0.725	0.94	5	-2.32	0	0.0435	0.115	0.00431	0.0864	0.905	127.051	audio_features	208475	4
k-pop	7nqOGRxlXj7N2JYbgNEjYH	SEVENTEEN	k-pop	71	1847055	4JViGq60SvqtQXI3WK0OLS	Oh My!	68	195004	0.682	0.888	5	-3.25	0	0.267	0.245	0	0.0552	0.903	91.966	audio_features	195005	4
k-pop	7f4ignuCJhLXfZ9giKT7rH	NCT 127	k-pop	71	989441	4KqPuyZdcjXuRqXSARnt6r	Regular - English Version	71	219106	0.741	0.747	9	-5.459	0	0.0956	0.263	5.15e-6	0.266	0.831	134.039	audio_features	219107	4
k-pop	1gBUSTR3TyDdTVFIaQnc02	NCT DREAM	k-pop	65	676416	4LxKdotqcHAb0S7skugKIz	1, 2, 3	58	181186	0.82	0.63	11	-5.567	0	0.0841	0.082	0	0.0698	0.953	124.99	audio_features	181187	4
k-pop	4o7tWrzQOqarDtTMWD2HV9	LAY	chinese electropop; k-pop	72	208274	4m63ZA9od3vICn0AOEG5qo	Sheep (Alan Walker Relift)	67	156000	0.692	0.666	6	-7.998	0	0.0449	0.0259	1.92e-5	0.347	0.259	89.995	audio_features	156000	4
k-pop	5na1LmEmK2VzNLje9snJYW	The Rose	k-pop; korean pop	59	192898	4MAFGQ2Xo8T2GmEaCEPSNI	Like We Used To	52	164976	0.634	0.49	2	-5.656	1	0.0295	0.346	0	0.691	0.504	97.886	audio_features	164977	4
k-pop	2JhAlkmukNvarUpGhTFXUQ	KARD	k-pop	61	702916	4MSiPP89oZupNNq2CvjEeR	You In Me	56	203981	0.759	0.921	8	-2.533	0	0.231	0.0796	1.11e-4	0.325	0.528	96.025	audio_features	203982	4
k-pop	0b1sIQumIAsNbqAoIClSpy	j-hope	k-hop; k-pop	63	849372	4mYu3kfBCW6qiTDnfVeuMx	항상 (HANGSANG)	60	229675	0.832	0.896	6	-4.673	1	0.233	0.159	4.75e-5	0.247	0.618	178.998	audio_features	229676	4
k-pop	3HqSLMAZ3g3d5poNaI7GOU	IU	k-pop; korean pop	71	633819	4NPARrLIbtMl29ZJv8ESr2	dlwlrma	57	176098	0.738	0.641	4	-3.44	1	0.0475	0.315	0	0.114	0.631	119.867	audio_features	176099	4
k-pop	5dCvSnVduaFleCnyy98JMo	HEIZE	k-indie; k-pop; korean pop; korean r&b	60	174028	4Ompd9kJo9Os4yB0YFzsEC	didn't know me	49	238022	0.611	0.635	0	-4.871	1	0.0337	0.37	0	0.138	0.364	136.026	audio_features	238023	4
k-pop	30b9WulBM8sFuBo17nNq9c	G-DRAGON	k-hop; k-pop; korean pop	62	1152089	4OvliaZljJqFsLKBNh2FUJ	니가 뭔데 Who You?	54	201428	0.751	0.731	1	-4.38	1	0.213	0.204	0	0.198	0.763	90.028	audio_features	201428	4
k-pop	30b9WulBM8sFuBo17nNq9c	G-DRAGON	k-hop; k-pop; korean pop	62	1152089	4p7mS0e5GMsBIg1g61ikpw	개소리 (BULLSHIT)	57	182079	0.756	0.821	0	-5.494	1	0.089	0.0534	0	0.354	0.574	96.007	audio_features	182079	4
k-pop	20j1uz7iDOtIvIzCr5S8nx	SEUNGRI	k-pop; korean pop	68	238770	4PNQ56HvQappDsGKKKxaOV	LOVE IS YOU	44	209624	0.714	0.661	8	-4.46	0	0.0556	0.354	0	0.14	0.852	89.946	audio_features	209624	4
k-pop	4XDi67ZENZcbfKnvMnTYsI	Jay Park	k-hop; k-pop; korean pop; korean r&b	68	632898	4q9JLlC3HIhN4CDC6KlpYK	iffy (Prod. GroovyRoom)	58	259982	0.939	0.519	0	-5.911	1	0.12	0.0715	0	0.0658	0.826	135.054	audio_features	259983	4
k-pop	6MoXcK2GyGg7FIyxPU5yW6	SUNMI	k-pop	67	426173	4R3xLSnOJPWgnozTyxULnL	ADDICT	55	112361	0.58	0.912	4	-6.494	0	0.0605	0.0848	6.97e-4	0.0657	0.523	100.003	audio_features	112361	4
k-pop	3cjEqqelV9zb4BYE3qDQ4O	EXO	k-pop	79	3271527	4RAbhYd6P5zR877A0uLsUt	Oasis	68	194325	0.629	0.761	0	-4.69	0	0.0557	0.0886	0	0.0814	0.605	144.986	audio_features	194326	4
k-pop	7kAYwEKDbUNlUJh4yxjW3o	Agust D	k-pop	60	786945	4rEP3s8gClYCL1rKUKX4M0	Tony Montana	60	207873	0.609	0.776	4	-5.837	1	0.059	2.62e-4	1.68e-5	0.105	0.272	116.01	audio_features	207874	4
k-pop	5WY88tCMFA6J6vqSN3MmDZ	NELL	k-indie; korean pop	60	18228	4RTiDe8iOErBqfDwrzNTR4	Day after day	28	228093	0.489	0.887	11	-4.637	0	0.0354	0.00461	0	0.343	0.594	94.991	audio_features	228093	4
k-pop	1wKpMkucynaTfG8lyPprYV	PENTAGON	k-pop	66	350023	4S0b7hxQtTmPg5d6Ssq8lC	Like This	52	227547	0.507	0.783	1	-4.604	0	0.0815	0.0736	0	0.173	0.57	156.029	audio_features	227548	4
k-pop	6aLdhHUqgdKE86xbtNmY8g	Crush	k-indie; k-pop; korean pop; korean r&b	65	298667	4sa8O4AwMja6r1Enu35Fmz	Oasis	54	191278	0.457	0.818	4	-4.157	0	0.261	0.221	0	0.435	0.822	96.168	audio_features	191279	4
k-pop	20j1uz7iDOtIvIzCr5S8nx	SEUNGRI	k-pop; korean pop	68	238770	4tKoYXjBfbkPbTc54Dwval	GOOD LUCK TO YOU	45	198041	0.662	0.808	0	-4.971	1	0.0771	0.0311	0	0.0604	0.66	149.913	audio_features	198042	4
k-pop	41MozSoPIsD1dJM0CLPjZF	BLACKPINK	k-pop	84	4054149	4TWHREp4wv0TmewqR6rgRd	STAY	68	230400	0.628	0.433	1	-6.808	1	0.0383	0.569	7.71e-6	0.104	0.343	88.074	audio_features	230400	4
k-pop	2JhAlkmukNvarUpGhTFXUQ	KARD	k-pop	61	702916	4uemx6gIxJkNWi0PYuLbmH	Trust Me (BM&Somin ver.)	47	276195	0.531	0.664	10	-6.976	1	0.347	0.46	0	0.0865	0.212	101.701	audio_features	276196	4
k-pop	3cjEqqelV9zb4BYE3qDQ4O	EXO	k-pop	79	3271527	4UNkRwQUd2KTpiWPjyTqSc	With You	67	188544	0.623	0.74	1	-7.051	0	0.0403	0.223	0	0.431	0.383	134.9	audio_features	188544	4
k-pop	1xs6WFotNQSXweo0GXrS0O	EXID	k-pop	61	635606	4Ux83SOG5vqnbohuijD2Zv	Every night	48	231105	0.562	0.812	1	-2.942	0	0.181	0.367	0	0.13	0.829	203.639	audio_features	231105	4
k-pop	5HenzRvMtSrgtvU16XAoby	Zion.T	k-indie; k-pop; korean pop; korean r&b	62	249919	4vh0x47AvwbCywPOlEmfFQ	Hello Tutorial	63	202342	0.739	0.349	0	-7.477	1	0.0604	0.675	0	0.326	0.496	98.049	audio_features	202343	4
k-pop	5DIi2JWfQPTKffaVBlIYRn	Sik-K	k-hop; k-pop; korean pop; korean r&b	61	104507	4WxS48yNGWHp6cdVvA7GWz	Skip And Kiss	47	191429	0.678	0.766	7	-4.589	0	0.0376	0.115	0	0.284	0.862	144.001	audio_features	191430	4
k-pop	2CvaqAMMsX576VBehaJ0Wx	Wanna One	k-pop	64	905140	4XbMC0T4UumxCRTr56T024	GOLD	51	219589	0.637	0.841	11	-4.712	1	0.0629	0.29	0	0.244	0.692	129.976	audio_features	219589	4
k-pop	2CvaqAMMsX576VBehaJ0Wx	Wanna One	k-pop	64	905140	4XGEp6uSVqsKz0dUX8n1tI	I PROMISE YOU (I.P.U.)	57	220529	0.652	0.831	8	-3.684	1	0.0436	0.102	0	0.229	0.744	130.033	audio_features	220529	4
k-pop	0b1sIQumIAsNbqAoIClSpy	j-hope	k-hop; k-pop	63	849372	4YAgH8s0JFfwikTNwe0aIk	Daydream (백일몽)	67	228759	0.748	0.961	8	-6.518	0	0.0875	0.00512	0	0.175	0.856	116.037	audio_features	228759	4
k-pop	13rF01aOogvnkuQXOlgTW8	TAEMIN	k-pop; korean pop	63	492825	4yyPSplZ3LB7n1KYvhfwtm	Under My Skin	48	226840	0.592	0.702	6	-5.139	0	0.0894	0.0372	0	0.0958	0.472	85.039	audio_features	226840	4
k-pop	7kAYwEKDbUNlUJh4yxjW3o	Agust D	k-pop	60	786945	4YZ50iwVa9suSjIHpmup7k	Skit	46	74298	0.504	0.711	6	-14.805	1	0.1	0.46	6.31e-4	0.358	0.127	120.594	audio_features	74299	5
k-pop	5DIi2JWfQPTKffaVBlIYRn	Sik-K	k-hop; k-pop; korean pop; korean r&b	61	104507	4Z2mXXSzuCDEHZtFGmy0X5	Rendezvous	53	185893	0.855	0.482	7	-6.673	1	0.0332	0.0277	0	0.116	0.654	109.998	audio_features	185893	4
k-pop	30b9WulBM8sFuBo17nNq9c	G-DRAGON	k-hop; k-pop; korean pop	62	1152089	4zjv3xJnWo4OMd5rOBTP7o	Black	50	203772	0.49	0.573	0	-9.321	1	0.365	0.367	0	0.28	0.462	84.705	audio_features	203772	4
k-pop	5na1LmEmK2VzNLje9snJYW	The Rose	k-pop; korean pop	59	192898	54SuHqxVjZVNDyIUVpSgpJ	sorry	57	215475	0.379	0.631	10	-4.701	1	0.0339	0.462	0	0.305	0.359	173.896	audio_features	215475	4
k-pop	4TnGh5PKbSjpYqpIdlW5nz	Monsta X	k-pop	70	1233646	55Md5fnLfCpXzUATASy6Rk	Shoot Out	69	207173	0.613	0.868	6	-2.792	0	0.143	0.0599	0	0.352	0.394	165.133	audio_features	207173	4
k-pop	5qRSs6mvI17zrkJpOHkCoM	iKON	k-pop	74	1092967	56KOkswmPca9qqIHrpunCh	PERFECT	58	213128	0.735	0.66	2	-4.107	1	0.057	0.585	0	0.0544	0.673	119.908	audio_features	213129	3
k-pop	2dIgFjalVxs4ThymZ67YCE	Stray Kids	k-pop	70	496372	59AjzduPbLOp7PkfWoWuYC	Voices	62	200382	0.649	0.87	1	-2.475	1	0.0503	0.0168	0	0.36	0.298	149.927	audio_features	200383	4
k-pop	3UwlejyX2b458azZ7eCnHb	HyunA	k-pop	62	549851	59JkwCdGIMTZYb0j75vebU	Bubble Pop!	56	212271	0.833	0.872	10	-4.658	0	0.0578	0.0731	8.39e-4	0.292	0.774	145.973	audio_features	212271	4
k-pop	2JhAlkmukNvarUpGhTFXUQ	KARD	k-pop	61	702916	5bvGVgllIIJwcy2YstlGU1	Push & Pull	45	197926	0.83	0.89	9	-4.495	0	0.126	0.296	0	0.277	0.855	114.987	audio_features	197927	4
k-pop	3UwlejyX2b458azZ7eCnHb	HyunA	k-pop	62	549851	5C2d3tz8WACjmw7T6TthQ2	Lip & Hip	66	209746	0.742	0.847	11	-2.763	0	0.0485	0.00117	8.49e-6	0.142	0.516	112.95	audio_features	209747	4
k-pop	6MoXcK2GyGg7FIyxPU5yW6	SUNMI	k-pop	67	426173	5CEVXErMGowW8VgDwJdGUh	비밀테이프	51	92351	0.597	0.324	7	-8.954	1	0.0401	0.325	0.144	0.0936	0.491	133.941	audio_features	92352	4
k-pop	3Nrfpe0tUJi4K4DXYWgMUX	BTS	k-pop	91	7553232	5cQB9fbuQCz4muQUFkv3rR	Serendipity (Full Length Edition)	75	276707	0.347	0.578	8	-7.525	1	0.0626	0.445	0	0.231	0.226	86.73	audio_features	276708	5
k-pop	5DIi2JWfQPTKffaVBlIYRn	Sik-K	k-hop; k-pop; korean pop; korean r&b	61	104507	5dFXrbiBhX3bWwAV4q4T1x	Don’t Play (feat. punchnello)	44	250721	0.821	0.63	3	-6.776	0	0.0473	0.205	1.03e-5	0.0902	0.51	127.948	audio_features	250722	4
k-pop	5r1tUTxVSgvBHnoDuDODPH	IZ*ONE	k-pop	65	41980	5dNrOpWBngVPOL2GXumknK	Yume wo Miteiru Aida - IZ*ONE Ver.	56	208501	0.543	0.697	8	-3.346	1	0.031	0.676	0	0.111	0.323	90.047	audio_features	208501	4
k-pop	5DIi2JWfQPTKffaVBlIYRn	Sik-K	k-hop; k-pop; korean pop; korean r&b	61	104507	5ewJXFVfUlsMOxALWWyEGK	FIRE	52	195340	0.537	0.813	11	-3.989	0	0.0445	0.103	0	0.111	0.321	82.967	audio_features	195341	4
k-pop	7kAYwEKDbUNlUJh4yxjW3o	Agust D	k-pop	60	786945	5eXlvP0dxI3Xo2ngmNoj9X	Give It to Me	64	149524	0.539	0.751	8	-3.889	0	0.225	8.33e-4	1.05e-5	0.158	0.429	94.6	audio_features	149525	4
k-pop	5dCvSnVduaFleCnyy98JMo	HEIZE	k-indie; k-pop; korean pop; korean r&b	60	174028	5eYNVMkqUDaZMGSXhwaO2O	Don't Come Back(feat. Yong Jun Hyung)	48	217040	0.5	0.524	7	-5.832	1	0.0631	0.548	0	0.103	0.266	92.133	audio_features	217040	4
k-pop	3cjEqqelV9zb4BYE3qDQ4O	EXO	k-pop	79	3271527	5EzitieoPnjyKHAq0gfRMa	Ko Ko Bop	71	190422	0.749	0.85	0	-4.346	1	0.0468	0.0319	4.81e-5	0.0678	0.672	145.983	audio_features	190423	4
k-pop	6MoXcK2GyGg7FIyxPU5yW6	SUNMI	k-pop	67	426173	5gA9Xn8oPts2aewPgxVkPD	Heroine	66	195000	0.671	0.782	7	-3.912	1	0.0402	0.0599	1.9e-6	0.393	0.582	121.987	audio_features	195000	4
k-pop	5qRSs6mvI17zrkJpOHkCoM	iKON	k-pop	74	1092967	5GB0hU37rKZNVsHMu7FOM9	BEST FRIEND	61	230148	0.457	0.745	4	-4.014	1	0.0864	0.19	0	0.17	0.568	67.927	audio_features	230149	5
k-pop	7n2Ycct7Beij7Dj7meI4X0	TWICE	k-pop	78	2099516	5GIHnMRDeDDIDsy8AcrF4Y	SIGNAL	65	196687	0.617	0.769	0	-2.57	1	0.329	0.23	0	0.121	0.605	207.845	audio_features	196687	4
k-pop	1z4g3DjTBBZKhvAroFlhOM	Red Velvet	k-pop	74	1753769	5GKwq4sO5ZHKuWaDmdwMQc	Bad Boy	74	210817	0.714	0.736	2	-3.801	1	0.0457	0.191	0	0.0553	0.814	149.985	audio_features	210818	4
k-pop	13rF01aOogvnkuQXOlgTW8	TAEMIN	k-pop; korean pop	63	492825	5hcO4JPFMFgQ5edWGhhhaG	괴도 (Danger)	55	191453	0.732	0.743	1	-3.765	1	0.172	0.0295	0	0.0644	0.838	114.051	audio_features	191453	4
k-pop	7f4ignuCJhLXfZ9giKT7rH	NCT 127	k-pop	71	989441	5hHlmrSV6d9LFMsDA1lamE	소방차 Fire Truck	63	178565	0.724	0.976	1	-3.279	1	0.0602	0.116	1.3e-5	0.352	0.626	110.006	audio_features	178565	4
k-pop	7n2Ycct7Beij7Dj7meI4X0	TWICE	k-pop	78	2099516	5ilOXZ0vqTX69rjRubPivH	Dance The Night Away	73	180809	0.711	0.861	0	-2.905	1	0.0924	0.106	4.4e-5	0.112	0.78	118.004	audio_features	180809	4
k-pop	7kAYwEKDbUNlUJh4yxjW3o	Agust D	k-pop	60	786945	5io5w3uHAYTw74Sr8oHVEL	724148	53	185733	0.683	0.964	4	-3.341	0	0.338	0.0125	0	0.0848	0.591	89.557	audio_features	185733	4
k-pop	6nfDaffa50mKtEOwR8g4df	GOT7	k-pop	72	1828380	5JwuXvMV8f7ftQczIPCzmm	Look	65	194535	0.643	0.913	5	-1.724	0	0.157	0.113	0	0.383	0.734	119.938	audio_features	194535	4
k-pop	2e4G04F77jxVuDYo44TCSm	Loco	k-hop; k-pop; korean pop; korean r&b	63	69907	5K209mgnrnMPLNIluT9m77	Still (Feat. Crush)	51	276440	0.713	0.731	11	-5.558	0	0.0383	0.0527	0	0.0981	0.417	134.04	audio_features	276440	4
k-pop	5TnQc2N1iKlFjYD7CPGvFc	Day6	k-pop; korean pop	67	435460	5KaLRywjDTRzQM58vN22RN	반드시 웃는다 I Smile	55	227376	0.511	0.85	4	-3.606	1	0.0314	0.00385	0	0.131	0.347	123.941	audio_features	227376	4
k-pop	3UwlejyX2b458azZ7eCnHb	HyunA	k-pop	62	549851	5kFakScPV7ZWXStUSvQmxA	BABE	63	193328	0.819	0.837	1	-3.246	0	0.0908	0.168	0	0.0842	0.67	110.045	audio_features	193328	4
k-pop	5qRSs6mvI17zrkJpOHkCoM	iKON	k-pop	74	1092967	5Ko6FRZ5e739QMe6Skpnxa	BEAUTIFUL	59	196016	0.746	0.859	0	-4.397	0	0.0998	0.268	0	0.0812	0.702	110.02	audio_features	196016	4
k-pop	5DuzBeOgFwViFcv00Q5PFb	WINNER	k-pop; korean pop	65	987863	5LnFGGk0RS1FNc8bfWyaHS	BABY BABY	50	246253	0.536	0.53	0	-6.179	1	0.0403	0.049	0	0.337	0.309	179.914	audio_features	246253	3
k-pop	7n2Ycct7Beij7Dj7meI4X0	TWICE	k-pop	78	2099516	5m95gCTAiHshTaajznt5fA	What is Love?	73	208238	0.573	0.91	8	-1.578	1	0.064	0.0846	0	0.266	0.602	169.982	audio_features	208238	4
k-pop	0XATRDCYuuGhk0oE7C0o5G	Mamamoo	k-pop; korean pop	65	581890	5MaDeMdqsPsZTxNWdEZPVH	Starry Night	65	211236	0.58	0.773	9	-3.302	0	0.05	0.656	0	0.112	0.506	124.148	audio_features	211237	4
k-pop	5na1LmEmK2VzNLje9snJYW	The Rose	k-pop; korean pop	59	192898	5MkZkFLnUrsMrVKQwqv5zV	I.L.Y.	58	213217	0.629	0.405	6	-7.335	1	0.0336	0.666	1.5e-6	0.112	0.187	137.742	audio_features	213217	4
k-pop	3HqSLMAZ3g3d5poNaI7GOU	IU	k-pop; korean pop	71	633819	5MvxeZPiiLAuB5gI8k3ynk	Can't Love You Anymore (With OHHYUK)	55	195230	0.611	0.63	9	-4.419	0	0.363	0.566	0	0.237	0.66	65.619	audio_features	195230	4
k-pop	1xs6WFotNQSXweo0GXrS0O	EXID	k-pop	61	635606	5olU48ccGC4YbZWRuDeVlk	Boy	47	207392	0.722	0.53	9	-8.249	0	0.287	0.591	8.29e-5	0.145	0.468	164.015	audio_features	207393	4
k-pop	7kAYwEKDbUNlUJh4yxjW3o	Agust D	k-pop	60	786945	5OrTIcUZ5wxp3fqUzLD0Vq	140503 at Dawn	48	84550	0.756	0.896	1	-9.594	0	0.874	0.212	0	0.313	0.31	90.781	audio_features	84551	4
k-pop	7nqOGRxlXj7N2JYbgNEjYH	SEVENTEEN	k-pop	71	1847055	5P0Uo1LqAgvFuxabQMe81X	A-TEEN	63	196323	0.649	0.792	11	-4.677	1	0.0966	0.109	0	0.343	0.543	149.962	audio_features	196323	4
k-pop	5TnQc2N1iKlFjYD7CPGvFc	Day6	k-pop; korean pop	67	435460	5qomEJP9XCFsuHbrMB2dwl	Beautiful Feeling	57	208736	0.542	0.69	7	-5.052	1	0.0381	0.0221	0	0.0575	0.396	180.146	audio_features	208737	4
k-pop	3Nrfpe0tUJi4K4DXYWgMUX	BTS	k-pop	91	7553232	5RGf8qn1TBWVplLyyKUsuV	Blood Sweat & Tears	76	217051	0.583	0.885	0	-3.571	0	0.106	0.0244	0	0.357	0.601	92.959	audio_features	217052	4
k-pop	7nqOGRxlXj7N2JYbgNEjYH	SEVENTEEN	k-pop	71	1847055	5rIsrawNyPv1q8v11iwJsh	Mansae	59	186874	0.749	0.955	7	-1.767	1	0.0867	0.0547	0	0.112	0.761	111.96	audio_features	186875	4
k-pop	4XDi67ZENZcbfKnvMnTYsI	Jay Park	k-hop; k-pop; korean pop; korean r&b	68	632898	5S5gGOsUarzRXKoaSstwba	Me Like Yuh	61	223641	0.715	0.831	2	-6.161	1	0.0729	0.223	3.84e-6	0.132	0.805	100.006	audio_features	223642	4
k-pop	2AfmfGFbe0A0WsTYm0SDTx	(G)I-DLE	k-pop	74	340750	5sbooPcNgIE22DwO0VNGUJ	POP/STARS	85	191100	0.566	0.769	7	-4.342	1	0.0872	0.0183	0	0.108	0.385	170.036	audio_features	191100	4
k-pop	4o7tWrzQOqarDtTMWD2HV9	LAY	chinese electropop; k-pop	72	208274	5SCE6bkrXysjBSShvhOkAa	NAMANANA	83	208886	0.796	0.86	10	-4.858	0	0.0982	0.00688	0	0.346	0.816	110.016	audio_features	208887	4
k-pop	3Nrfpe0tUJi4K4DXYWgMUX	BTS	k-pop	91	7553232	5SE57ljOIUJ1ybL9U6CuBH	DNA	75	223122	0.598	0.775	1	-4.035	0	0.0545	0.022	0	0.0677	0.687	129.819	audio_features	223123	4
k-pop	3cjEqqelV9zb4BYE3qDQ4O	EXO	k-pop	79	3271527	5SkQThmerj0t27qPYYHVGf	Gravity	69	234634	0.693	0.864	1	-3.365	1	0.0807	0.0711	0	0.0961	0.695	117.961	audio_features	234634	4
k-pop	5WY88tCMFA6J6vqSN3MmDZ	NELL	k-indie; korean pop	60	18228	5uNM4mq9KX136IRfsPpvby	The Day Before	34	298360	0.521	0.351	11	-9.124	1	0.0261	0.0181	0.00208	0.103	0.322	61.932	audio_features	298360	4
k-pop	52zMTJCKluDlFwMQWmccY7	LOOΠΔ	k-pop	64	237804	5UUeEljsNQroCUNId8DIV6	Egoist (Olivia Hye) (Feat. JinSoul)	57	247381	0.531	0.86	3	-3.547	0	0.0495	0.0211	0	0.371	0.37	92.03	audio_features	247382	4
k-pop	1z4g3DjTBBZKhvAroFlhOM	Red Velvet	k-pop	74	1753769	5vCuawHQ8Poch1odz9JDpB	Ice Cream Cake	60	191440	0.58	0.935	9	-3.348	1	0.189	0.0318	0	0.0977	0.603	172.023	audio_features	191440	4
k-pop	2dIgFjalVxs4ThymZ67YCE	Stray Kids	k-pop	70	496372	5VeE1rkmE6GHH7bcAs7STp	불면증 Insomnia	60	206430	0.651	0.748	11	-3.764	0	0.343	0.157	0	0.102	0.767	167.964	audio_features	206430	4
k-pop	6gzXCdfYfFe5XKhPKkYqxV	SUPER JUNIOR	k-pop; korean pop	69	979619	5w18nowVMRZrC5Na9Vxoth	쏘리 쏘리 Sorry, Sorry	61	232333	0.706	0.972	11	-2.359	0	0.0352	0.0226	2.57e-6	0.267	0.962	129.946	audio_features	232333	4
k-pop	0XATRDCYuuGhk0oE7C0o5G	Mamamoo	k-pop; korean pop	65	581890	5WitNasXEIRptoLIQUcXMx	Decalcomanie	59	215997	0.648	0.859	10	-2.384	1	0.0472	0.114	0	0.448	0.541	115.436	audio_features	215998	4
k-pop	2AfmfGFbe0A0WsTYm0SDTx	(G)I-DLE	k-pop	74	340750	5xptVEzEqCXv0oIJmyDYOJ	MAZE	56	200345	0.726	0.85	5	-3.355	0	0.0358	0.109	0	0.192	0.504	99.99	audio_features	200345	4
k-pop	3UwlejyX2b458azZ7eCnHb	HyunA	k-pop	62	549851	5YLnTUkaycgu2u8CvQRWSm	Freaky	47	197648	0.815	0.916	6	-2.152	1	0.0601	0.0117	0	0.166	0.555	89.982	audio_features	197648	4
k-pop	5DIi2JWfQPTKffaVBlIYRn	Sik-K	k-hop; k-pop; korean pop; korean r&b	61	104507	5YUkZNOcWRGtH1f9vBqbEi	XIBAL	52	172471	0.779	0.567	7	-7.269	1	0.0464	0.264	0	0.241	0.826	103.022	audio_features	172471	4
k-pop	0XATRDCYuuGhk0oE7C0o5G	Mamamoo	k-pop; korean pop	65	581890	5Z4aqpT39KpY8gbHoJWdou	Egotistic	71	196018	0.616	0.833	3	-3.314	0	0.067	0.315	0	0.175	0.595	97.898	audio_features	196018	4
k-pop	1gBUSTR3TyDdTVFIaQnc02	NCT DREAM	k-pop	65	676416	5ZbwJYmRtJe5Uy9nFkki8W	Drippin'	62	197773	0.715	0.89	8	-5.944	1	0.175	0.197	0	0.164	0.884	144.951	audio_features	197773	4
k-pop	3qNVuliS40BLgXGxhdBdqu	TAEYEON	k-pop; korean pop	65	555701	5ZkITfPpcNPnyYGTibkO6m	I (Feat. Verbal Jint)	59	206038	0.506	0.788	9	-2.372	1	0.0324	0.0666	0	0.324	0.233	89.993	audio_features	206039	4
k-pop	13rF01aOogvnkuQXOlgTW8	TAEMIN	k-pop; korean pop	63	492825	610w8Uhhcy7Pbh9VreZW6g	MARS	43	232013	0.761	0.816	1	-3.509	0	0.054	0.256	0	0.0414	0.712	95.993	audio_features	232013	4
k-pop	6aLdhHUqgdKE86xbtNmY8g	Crush	k-indie; k-pop; korean pop; korean r&b	65	298667	61nHajLq0uUI8khXsfxvQI	be by my side	31	213320	0.349	0.578	5	-8.323	1	0.149	0.61	1.62e-4	0.205	0.421	182.171	audio_features	213321	4
k-pop	7f4ignuCJhLXfZ9giKT7rH	NCT 127	k-pop	71	989441	629NRMzA7LTXSuzwG7R1Ag	No Longer	61	297746	0.568	0.352	1	-8.076	1	0.029	0.785	0	0.123	0.234	79.918	audio_features	297747	4
k-pop	1gBUSTR3TyDdTVFIaQnc02	NCT DREAM	k-pop	65	676416	63oREMsb7uCqgVztE72Pyv	My Page	51	226613	0.744	0.9	11	-3.888	1	0.0768	0.25	0	0.0673	0.684	125.011	audio_features	226613	4
k-pop	4TnGh5PKbSjpYqpIdlW5nz	Monsta X	k-pop	70	1233646	63SRW26EEF9RF6GgeUgJqx	SHINE FOREVER	58	208035	0.625	0.9	0	-3.351	1	0.055	0.129	0	0.337	0.606	80.007	audio_features	208036	4
k-pop	1z4g3DjTBBZKhvAroFlhOM	Red Velvet	k-pop	74	1753769	64iDjAuWDogVhuoWhKklF9	Dumb Dumb	65	202543	0.778	0.789	7	-4.297	0	0.0503	0.0334	2.05e-6	0.225	0.799	145.99	audio_features	202543	4
k-pop	0XATRDCYuuGhk0oE7C0o5G	Mamamoo	k-pop; korean pop	65	581890	64nKmNnyNXZu0q4WxOPsBl	Sleep In The Car	51	202066	0.711	0.879	9	-3.429	0	0.0977	0.025	0	0.088	0.333	145.035	audio_features	202067	4
k-pop	3qNVuliS40BLgXGxhdBdqu	TAEYEON	k-pop; korean pop	65	555701	67QGnT1Vdfuuy4HkLTUVjj	11:11	61	223451	0.445	0.528	10	-7.243	1	0.0744	0.677	0	0.155	0.511	203.155	audio_features	223452	4
k-pop	1xs6WFotNQSXweo0GXrS0O	EXID	k-pop	61	635606	68daw5D7jgDf55BJmaiQIf	Ah Yeah	56	199642	0.762	0.939	11	-2.688	0	0.054	0.0483	0	0.0719	0.428	117.986	audio_features	199643	4
k-pop	4XDi67ZENZcbfKnvMnTYsI	Jay Park	k-hop; k-pop; korean pop; korean r&b	68	632898	68vMDFui7uTbw9OQcyB0gD	V	64	227040	0.83	0.569	10	-7.737	1	0.165	0.419	0	0.156	0.858	129.968	audio_features	227041	4
k-pop	2AfmfGFbe0A0WsTYm0SDTx	(G)I-DLE	k-pop	74	340750	68yUIRmUq0cZN19DnbgKSX	$$$	57	211556	0.748	0.926	8	-2.531	1	0.0825	0.102	0	0.0664	0.882	151.115	audio_features	211556	4
k-pop	2e4G04F77jxVuDYo44TCSm	Loco	k-hop; k-pop; korean pop; korean r&b	63	69907	69F89vyxsDnnYNJ9HfwoKr	Upside Down	49	221151	0.727	0.933	7	-1.469	1	0.0814	0.0609	0	0.253	0.913	140.121	audio_features	221152	4
k-pop	1z4g3DjTBBZKhvAroFlhOM	Red Velvet	k-pop	74	1753769	69xdFGM7SJkbDf77s0gJEl	Rookie	60	197637	0.683	0.938	8	-3.723	0	0.288	0.0888	0	0.331	0.868	164.1	audio_features	197638	4
k-pop	3paGCCtX1Xr4Gx53mSeZuQ	NCT U	k-pop	64	771747	6ajFtkDNkkk01V4ds5OX6Y	New Dream	36	194081	0.622	0.768	10	-4.632	0	0.0692	0.0027	0	0.0482	0.623	98.048	audio_features	194082	4
k-pop	30b9WulBM8sFuBo17nNq9c	G-DRAGON	k-hop; k-pop; korean pop	62	1152089	6BANZxi4uJfJSFxvzHGpX2	SUPER STAR	50	225943	0.744	0.718	7	-4.529	1	0.049	0.0294	2.01e-6	0.045	0.364	129.961	audio_features	225944	4
k-pop	5HenzRvMtSrgtvU16XAoby	Zion.T	k-indie; k-pop; korean pop; korean r&b	62	249919	6BcOOZoCGPaUuEPGNqGQx2	Yanghwa BRDG	57	229349	0.538	0.436	3	-8.73	0	0.0504	0.726	0	0.151	0.37	87.111	audio_features	229350	4
k-pop	48eO052eSDcn8aTxiv6QaG	NCT	k-pop	66	553265	6BdchFAP4TUZUceAsAEb5U	일곱 번째 감각 The 7th Sense	62	214035	0.682	0.502	2	-9.507	1	0.0713	0.0124	8.45e-6	0.107	0.218	108.08	audio_features	214035	4
k-pop	1xs6WFotNQSXweo0GXrS0O	EXID	k-pop	61	635606	6BKOhvRPY54uvfqWwg7MKi	Up & Down	63	189882	0.714	0.812	7	-2.703	1	0.0351	0.00189	1.96e-6	0.229	0.377	112.018	audio_features	189882	4
k-pop	3qNVuliS40BLgXGxhdBdqu	TAEYEON	k-pop; korean pop	65	555701	6CdUgvL597jWmW4w8P5kHs	Fine	59	209157	0.36	0.565	7	-4.898	1	0.0608	0.358	0	0.0448	0.311	173.281	audio_features	209157	4
k-pop	20j1uz7iDOtIvIzCr5S8nx	SEUNGRI	k-pop; korean pop	68	238770	6CSZO82B0cM4CUgnrjPSfJ	1, 2, 3!	63	205304	0.687	0.805	6	-4.668	1	0.0403	0.00396	2.09e-6	0.12	0.712	142.038	audio_features	205305	4
k-pop	6nfDaffa50mKtEOwR8g4df	GOT7	k-pop	72	1828380	6D7PMEnCmHMC5WJb2HOGc3	Teenager	61	189378	0.613	0.899	10	-2.632	0	0.0825	0.0708	0	0.128	0.702	124.09	audio_features	189378	4
k-pop	5HenzRvMtSrgtvU16XAoby	Zion.T	k-indie; k-pop; korean pop; korean r&b	62	249919	6e4ne0tPa87okwHyfcLRxP	Malla Gang	50	183154	0.914	0.53	5	-8.066	0	0.318	0.175	0	0.173	0.795	140.001	audio_features	183155	4
k-pop	5dCvSnVduaFleCnyy98JMo	HEIZE	k-indie; k-pop; korean pop; korean r&b	60	174028	6FZAc2XaVYc8G8jaDnBshv	You, Clouds, Rain (feat. Shin Yong Jae)	56	205312	0.509	0.502	1	-6.972	0	0.092	0.765	0	0.396	0.341	79.16	audio_features	205312	4
k-pop	0b1sIQumIAsNbqAoIClSpy	j-hope	k-hop; k-pop	63	849372	6gALSAMuXm5du6TuKGj6o7	Airplane	64	197913	0.801	0.65	0	-7.855	1	0.0576	0.649	0	0.109	0.237	119.993	audio_features	197914	4
k-pop	4TnGh5PKbSjpYqpIdlW5nz	Monsta X	k-pop	70	1233646	6gorwqDJ7bsdCHcVs5uS9u	HERO	64	231951	0.683	0.893	5	-3.086	0	0.162	0.0754	0	0.226	0.909	146.082	audio_features	231952	4
k-pop	3eCd0TZrBPm2n9cDG6yWfF	DEAN	k-pop; korean pop; korean r&b	66	449290	6GS3lnAVy5w6AHWEKYzYeS	What 2 Do	58	224098	0.629	0.536	5	-5.834	0	0.0338	0.206	0	0.329	0.556	95.137	audio_features	224099	4
k-pop	3eCd0TZrBPm2n9cDG6yWfF	DEAN	k-pop; korean pop; korean r&b	66	449290	6IFpwncCkKrXHyP0RuG9r6	Bonnie & Clyde	59	224606	0.636	0.659	3	-5.845	0	0.0898	0.398	3.49e-6	0.655	0.429	94.95	audio_features	224606	4
k-pop	7nqOGRxlXj7N2JYbgNEjYH	SEVENTEEN	k-pop	71	1847055	6j6wUN8whCYTwxCg9R240U	CHANGE UP	58	187749	0.589	0.79	6	-4.033	0	0.131	0.108	0	0.164	0.56	146.336	audio_features	187749	4
k-pop	4Kxlr1PRlDKEB0ekOCyHgX	BIGBANG	j-pop; k-hop; k-pop	71	2495384	6jjd5vJtgKwzMtxJeTlLqH	IF YOU	62	264280	0.669	0.447	1	-6.271	1	0.0305	0.524	0	0.167	0.17	141.808	audio_features	264281	4
k-pop	4XDi67ZENZcbfKnvMnTYsI	Jay Park	k-hop; k-pop; korean pop; korean r&b	68	632898	6jLsYKGOBRBRvdowIzuyUf	All I Wanna Do (feat. Hoody & 로꼬 Loco) [Korean Version]	63	216786	0.4	0.724	8	-6.064	1	0.253	0.375	0	0.0927	0.43	96.782	audio_features	216786	4
k-pop	52zMTJCKluDlFwMQWmccY7	LOOΠΔ	k-pop	64	237804	6k3sl3Hs6bNN497d672gpR	Eclipse (Prod. By Daniel Obi Klein)	56	231237	0.538	0.782	6	-4.299	0	0.101	0.394	0	0.122	0.447	97.513	audio_features	231237	4
k-pop	5DuzBeOgFwViFcv00Q5PFb	WINNER	k-pop; korean pop	65	987863	6KmWiz0zpYSPA56Poz0Cjb	LOVE ME LOVE ME	55	217308	0.753	0.818	9	-4.458	0	0.0697	0.0852	0	0.109	0.737	105.995	audio_features	217309	4
k-pop	7kAYwEKDbUNlUJh4yxjW3o	Agust D	k-pop	60	786945	6lRWD0dOKIrFrmb9tmd62M	The Last	58	245757	0.756	0.837	1	-2.704	1	0.203	0.00167	0.0062	0.0848	0.444	119.984	audio_features	245757	4
k-pop	7f4ignuCJhLXfZ9giKT7rH	NCT 127	k-pop	71	989441	6m96zMB8BrLrpyT7NvApxB	無限的我 무한적아; LIMITLESS	63	247467	0.614	0.747	5	-5.655	0	0.0743	0.00934	0	0.0337	0.538	78.216	audio_features	247467	4
k-pop	7nqOGRxlXj7N2JYbgNEjYH	SEVENTEEN	k-pop	71	1847055	6MEsfQJ5ZpO1WozVfsVDzZ	TRAUMA	59	213273	0.845	0.759	8	-4.202	0	0.162	0.124	2.95e-6	0.066	0.914	127.986	audio_features	213273	4
k-pop	2hRQKC0gqlZGPrmUKbcchR	SHINee	dance pop; j-pop; k-pop; korean pop	67	1129222	6mI6dpwRDteVr3ZQsDeD6e	Countless	64	188678	0.679	0.829	10	-5.166	0	0.072	0.0251	0	0.068	0.604	97.043	audio_features	188678	4
k-pop	48eO052eSDcn8aTxiv6QaG	NCT	k-pop	66	553265	6MWqKPyfweTJ60mpiTj24o	몽중몽; Dream In A Dream	54	215221	0.618	0.748	8	-6.301	0	0.0315	0.0381	0.00225	0.295	0.367	102.052	audio_features	215222	4
k-pop	6aLdhHUqgdKE86xbtNmY8g	Crush	k-indie; k-pop; korean pop; korean r&b	65	298667	6mzF8HvHdVrzJNd8M1uFCS	Beautiful	65	227583	0.524	0.405	10	-6.145	1	0.028	0.842	0	0.107	0.237	109.984	audio_features	227584	4
k-pop	2FLqlgckDKdmpBrvLAT5BM	Eric Nam	k-pop; korean pop	64	219554	6N0uDUUQRQd7lIIFU2aaEQ	Hold Me	57	227235	0.392	0.56	1	-7.378	1	0.0546	0.486	0	0.108	0.21	127.938	audio_features	227236	3
k-pop	3UwlejyX2b458azZ7eCnHb	HyunA	k-pop	62	549851	6NJi9S8CKN0QsQGGt4lBBZ	Purple (With E'dawn Of PENTAGON)	49	221586	0.721	0.808	8	-3.595	1	0.0654	0.108	0	0.0429	0.735	149.981	audio_features	221587	4
k-pop	6nfDaffa50mKtEOwR8g4df	GOT7	k-pop	72	1828380	6NyPIDsbl4hEm9tFKcKzsU	You Are	59	200663	0.529	0.893	5	-3.082	0	0.0766	0.199	0	0.562	0.648	99.515	audio_features	200664	4
k-pop	3qNVuliS40BLgXGxhdBdqu	TAEYEON	k-pop; korean pop	65	555701	6oDX7N6VnXSyLdyGsDP5jV	Something New	57	200440	0.679	0.88	6	-2.344	0	0.239	0.15	3.87e-5	0.575	0.789	98.022	audio_features	200440	4
k-pop	5qRSs6mvI17zrkJpOHkCoM	iKON	k-pop	74	1092967	6oE1dVmtTagzTRlxDXhX8t	BLING BLING	63	219225	0.781	0.94	2	-3.779	1	0.067	0.069	0	0.0992	0.537	125.009	audio_features	219225	4
k-pop	48eO052eSDcn8aTxiv6QaG	NCT	k-pop	66	553265	6OyLuTMyY9dOswKPyIT8SO	YESTODAY	55	196571	0.683	0.92	9	-3.322	0	0.0924	0.0294	0	0.295	0.678	94.959	audio_features	196571	4
k-pop	4o7tWrzQOqarDtTMWD2HV9	LAY	chinese electropop; k-pop	72	208274	6Po4yEio0y4G82klAyChEK	Don’t Let Me Go	52	211540	0.463	0.712	7	-3.335	0	0.115	0.49	9.13e-6	0.105	0.337	165.704	audio_features	211540	4
k-pop	5qRSs6mvI17zrkJpOHkCoM	iKON	k-pop	74	1092967	6qAzAmPBUpGrk7XADZHR5k	LOVE SCENARIO	76	209648	0.806	0.707	7	-4.623	1	0.0307	0.331	0	0.294	0.746	118.011	audio_features	209648	4
k-pop	5HenzRvMtSrgtvU16XAoby	Zion.T	k-indie; k-pop; korean pop; korean r&b	62	249919	6Qh3Yf7CGQExVlZAe5T668	Sleep Talk	52	160822	0.871	0.501	1	-6.791	0	0.0453	0.0989	0.43	0.0822	0.853	122.016	audio_features	160822	4
k-pop	6gzXCdfYfFe5XKhPKkYqxV	SUPER JUNIOR	k-pop; korean pop	69	979619	6QTBYKLlV2PQniwAWrBV2z	Mr. Simple	57	241826	0.913	0.745	1	-2.837	1	0.0506	2.19e-4	0.00208	0.0622	0.795	127.996	audio_features	241827	4
k-pop	3paGCCtX1Xr4Gx53mSeZuQ	NCT U	k-pop	64	771747	6rPnmk2JbKooVdes8dMsZj	Radio Romance (Sung by TAEIL, DOYOUNG)	43	219125	0.634	0.83	2	-3.388	1	0.0401	0.469	0	0.237	0.425	115.025	audio_features	219126	4
k-pop	52zMTJCKluDlFwMQWmccY7	LOOΠΔ	k-pop	64	237804	6SSC9KZQaxBdyipKRigrFC	Heart Attack (츄)	59	194941	0.65	0.859	4	-3.457	0	0.0545	0.0538	0	0.597	0.732	98.938	audio_features	194941	4
k-pop	0siBQaURCli5wn2lqv8WZg	DPR LIVE	k-hop; k-pop; korean pop; korean r&b	59	113116	6t3JC4LWosWB7RiKfEcdrF	Right Here Right Now	51	213040	0.733	0.645	9	-6.409	1	0.117	0.0608	0	0.145	0.396	123.007	audio_features	213040	4
k-pop	0XATRDCYuuGhk0oE7C0o5G	Mamamoo	k-pop; korean pop	65	581890	6TKDtmFVLaHBqMQQwKeArv	Midnight Summer Dream	49	198785	0.568	0.758	9	-3.967	0	0.153	0.208	0	0.186	0.635	167.857	audio_features	198785	4
k-pop	2hRQKC0gqlZGPrmUKbcchR	SHINee	dance pop; j-pop; k-pop; korean pop	67	1129222	6UmRhJatcth1KF76r5ucvZ	1 of 1	51	203884	0.694	0.879	5	-3.765	0	0.0515	0.0635	0	0.0478	0.84	108.045	audio_features	203885	4
k-pop	7nqOGRxlXj7N2JYbgNEjYH	SEVENTEEN	k-pop	71	1847055	6Upu6yjkdi0DVI8E3IBZEU	Don't Wanna Cry	69	203426	0.781	0.683	0	-4.258	1	0.0325	0.164	1.53e-6	0.16	0.722	100.005	audio_features	203427	4
k-pop	6aLdhHUqgdKE86xbtNmY8g	Crush	k-indie; k-pop; korean pop; korean r&b	65	298667	6vs7hcMDl4l6BQKL9KE9pd	Just (From Young)	51	192630	0.752	0.264	3	-10.956	1	0.0937	0.594	1.32e-4	0.107	0.184	86.001	audio_features	192630	4
k-pop	5TnQc2N1iKlFjYD7CPGvFc	Day6	k-pop; korean pop	67	435460	6WbPGVK9mfNyukbCaLVyx8	Congratulations (Final Ver.)	54	227351	0.506	0.766	3	-2.582	1	0.0435	0.0389	0	0.0948	0.481	89.92	audio_features	227351	4
k-pop	3eCd0TZrBPm2n9cDG6yWfF	DEAN	k-pop; korean pop; korean r&b	66	449290	6wcRv0UBvEH9NCIA3IVyQs	love	58	258226	0.582	0.67	11	-6.69	1	0.0483	0.00125	6.69e-4	0.105	0.37	109.993	audio_features	258227	4
k-pop	7n2Ycct7Beij7Dj7meI4X0	TWICE	k-pop	78	2099516	6WJWTeZExNu0X42hiegRVs	Heart Shaker	68	186895	0.561	0.945	8	-0.33	1	0.064	0.0965	0	0.17	0.833	164.094	audio_features	186896	4
k-pop	3UwlejyX2b458azZ7eCnHb	HyunA	k-pop	62	549851	6Wqmn89a8tItOh3NLEhNTD	How's this	57	199210	0.746	0.917	6	-2.182	1	0.0542	0.0225	0	0.0527	0.72	100.01	audio_features	199210	4
k-pop	2e4G04F77jxVuDYo44TCSm	Loco	k-hop; k-pop; korean pop; korean r&b	63	69907	6WX68Y7z07oQlz3VolcGXP	DA DA DA (Feat. Hoody)	46	212200	0.751	0.608	11	-5.032	0	0.266	0.35	0	0.171	0.578	128.024	audio_features	212200	4
k-pop	5WY88tCMFA6J6vqSN3MmDZ	NELL	k-indie; korean pop	60	18228	6xjuuCHwAnon9kXiF8Dkn9	Vain hope	27	267453	0.566	0.791	0	-6.14	0	0.0555	0.271	4.3e-6	0.346	0.545	160.058	audio_features	267453	4
k-pop	4o7tWrzQOqarDtTMWD2HV9	LAY	chinese electropop; k-pop	72	208274	6XlqTaR4Bm4MkZ98AhoYRl	Give Me A Chance	60	223315	0.788	0.679	11	-4.618	0	0.191	0.11	0	0.0542	0.593	159.942	audio_features	223316	4
k-pop	1z4g3DjTBBZKhvAroFlhOM	Red Velvet	k-pop	74	1753769	6XP9L7di5JnOc9WaeAW8oe	행복 (Happiness)	58	220986	0.727	0.871	10	-3.099	0	0.158	0.323	6.21e-6	0.725	0.681	121.438	audio_features	220987	4
k-pop	5r1tUTxVSgvBHnoDuDODPH	IZ*ONE	k-pop	65	41980	6Xw8CSd3R6xqCmHHB9pBhb	Colors	58	218285	0.71	0.899	5	-2.785	1	0.0335	0.0551	0	0.203	0.818	108.006	audio_features	218285	4
k-pop	2hRQKC0gqlZGPrmUKbcchR	SHINee	dance pop; j-pop; k-pop; korean pop	67	1129222	6YCySHA5YOZSVxTXJZE6Nl	Lucifer	55	239533	0.701	0.961	9	-5.256	1	0.0443	0.00326	9.57e-6	0.497	0.487	125.012	audio_features	239533	4
k-pop	2FLqlgckDKdmpBrvLAT5BM	Eric Nam	k-pop; korean pop	64	219554	6YOXdy9jShw66iOnBzQMKv	봄인가 봐 Spring Love	49	198749	0.68	0.391	11	-6.906	1	0.0357	0.723	0	0.107	0.419	82.861	audio_features	198750	4
k-pop	2e4G04F77jxVuDYo44TCSm	Loco	k-hop; k-pop; korean pop; korean r&b	63	69907	6yYAcOlhsYR9jVZPYoHvYc	POST IT	48	226989	0.783	0.586	11	-6.521	1	0.0926	0.508	5.07e-6	0.104	0.751	80.999	audio_features	226990	4
k-pop	3eCd0TZrBPm2n9cDG6yWfF	DEAN	k-pop; korean pop; korean r&b	66	449290	6z1kLsntE7FuzKZHZWrXYN	instagram	67	255728	0.462	0.549	8	-6.279	1	0.151	0.196	0	0.284	0.203	93.892	audio_features	255729	4
k-pop	52zMTJCKluDlFwMQWmccY7	LOOΠΔ	k-pop	64	237804	6ZCugHZvchMlF6DqMDYIW1	Singing in the Rain	55	211661	0.566	0.762	7	-6.638	1	0.0813	0.00906	1.35e-5	0.102	0.528	137.996	audio_features	211661	4
k-pop	52zMTJCKluDlFwMQWmccY7	LOOΠΔ	k-pop	64	237804	72NewffMWAO9kH55vT6dXj	열기 (9)	56	210125	0.669	0.812	6	-4.526	0	0.0619	0.281	0	0.101	0.679	94.949	audio_features	210125	4
k-pop	20j1uz7iDOtIvIzCr5S8nx	SEUNGRI	k-pop; korean pop	68	238770	72zOzsJoEfVezQBLHuOEkP	ALONE	43	229476	0.66	0.742	11	-5.2	0	0.0454	0.1	0	0.0528	0.219	99.997	audio_features	229476	4
k-pop	4Kxlr1PRlDKEB0ekOCyHgX	BIGBANG	j-pop; k-hop; k-pop	71	2495384	73szhI6oOawKlv6AxgHIS8	LAST DANCE	62	279719	0.621	0.673	1	-3.194	0	0.0606	0.467	0	0.323	0.289	143.889	audio_features	279719	4
k-pop	48eO052eSDcn8aTxiv6QaG	NCT	k-pop	66	553265	741wqAxJIPwjHWLjyG2so6	GO	62	207173	0.76	0.928	8	-3.645	0	0.215	0.308	0	0.072	0.673	131.985	audio_features	207173	4
k-pop	4XpUIb8uuNlIWVKmgKZXC0	Zico	k-hop; k-pop; korean pop; korean r&b	63	383067	75ai0ibymmqyCyaxwZuhnu	I Am You, You Are Me	54	213251	0.769	0.617	9	-6.928	0	0.0531	0.317	0	0.305	0.7	96.975	audio_features	213252	4
k-pop	4XpUIb8uuNlIWVKmgKZXC0	Zico	k-hop; k-pop; korean pop; korean r&b	63	383067	76jVsPG2n1lWhSpSxDSkjm	Okay Dokey	49	248202	0.82	0.61	8	-4.23	1	0.0567	0.00537	0	0.158	0.305	126.022	audio_features	248203	4
k-pop	4TnGh5PKbSjpYqpIdlW5nz	Monsta X	k-pop	70	1233646	77rGbcYghtmDyMkNG9DRJp	Spotlight - Korean Version	62	236492	0.645	0.937	8	-2.772	1	0.0741	0.0168	0	0.1	0.455	103.033	audio_features	236492	4
k-pop	48eO052eSDcn8aTxiv6QaG	NCT	k-pop	66	553265	78DVHbAahuQF56gOC4GnuN	WITHOUT YOU	54	205533	0.578	0.942	2	-1.693	1	0.0556	0.0428	0	0.0833	0.53	127.835	audio_features	205533	4
k-pop	1z4g3DjTBBZKhvAroFlhOM	Red Velvet	k-pop	74	1753769	78HD9IN4cKE1MMHWeVJPWh	Bad Boy - (English Version) [Bonus Track]	65	208666	0.723	0.726	2	-4.512	1	0.043	0.21	0	0.061	0.839	150.011	audio_features	208667	4
k-pop	2FLqlgckDKdmpBrvLAT5BM	Eric Nam	k-pop; korean pop	64	219554	79ptYtWnpAnsQutzg2xSFk	Cave Me In	57	214158	0.689	0.512	1	-6.206	1	0.0509	0.346	2.07e-6	0.106	0.619	90.091	audio_features	214159	4
k-pop	4TnGh5PKbSjpYqpIdlW5nz	Monsta X	k-pop	70	1233646	7aee43cpxAZ9CZysyLpUJC	Oh My	57	223649	0.7	0.89	9	-4.182	1	0.107	0.0565	0	0.312	0.534	114.96	audio_features	223650	4
k-pop	4XpUIb8uuNlIWVKmgKZXC0	Zico	k-hop; k-pop; korean pop; korean r&b	63	383067	7AeKlE60y1KOfSSiiAY3Wv	ANTI	41	216514	0.662	0.819	8	-4.252	0	0.325	0.0473	0	0.389	0.409	78.101	audio_features	216515	4
k-pop	3eCd0TZrBPm2n9cDG6yWfF	DEAN	k-pop; korean pop; korean r&b	66	449290	7AoK7YuZ5sQYtPofTFElIE	I'm Not Sorry	61	209095	0.575	0.738	6	-4.301	1	0.0365	5.64e-4	0	0.0928	0.504	129.125	audio_features	209096	4
k-pop	13rF01aOogvnkuQXOlgTW8	TAEMIN	k-pop; korean pop	63	492825	7AqAL6K6zDxb7bueBDGK79	Goodbye (さよならひとり Korean Ver.)	48	209292	0.545	0.693	5	-4.034	0	0.0414	0.494	0	0.166	0.646	91.958	audio_features	209292	4
k-pop	6gzXCdfYfFe5XKhPKkYqxV	SUPER JUNIOR	k-pop; korean pop	69	979619	7aUtN39ANDkiI2owHqf9C9	Animals	53	211426	0.64	0.943	7	-1.728	1	0.0418	0.0841	0.00643	0.31	0.698	94.002	audio_features	211427	4
k-pop	41MozSoPIsD1dJM0CLPjZF	BLACKPINK	k-pop	84	4054149	7b8YOVV5quZcSKEijDgyWB	DDU-DU DDU-DU	82	209355	0.671	0.859	4	-3.922	0	0.0833	0.0323	0	0.267	0.389	139.931	audio_features	209355	4
k-pop	7nqOGRxlXj7N2JYbgNEjYH	SEVENTEEN	k-pop	71	1847055	7cbZIBLhfD9taMBgEsIhIp	THANKS	64	213072	0.513	0.867	8	-3.729	1	0.0632	0.0631	0	0.34	0.536	149.967	audio_features	213072	4
k-pop	4XpUIb8uuNlIWVKmgKZXC0	Zico	k-hop; k-pop; korean pop; korean r&b	63	383067	7CCNaQPv7eS74h6AmUMV59	Eureka	51	183995	0.736	0.806	7	-2.709	1	0.328	0.0298	0	0.0847	0.763	119.936	audio_features	183996	5
k-pop	6nfDaffa50mKtEOwR8g4df	GOT7	k-pop	72	1828380	7Cd4glTUgV0vr0DBncEg8S	하드캐리 Hard Carry	63	193578	0.7	0.873	1	-2.901	1	0.0869	0.0148	0	0.343	0.612	99.972	audio_features	193579	4
k-pop	4XpUIb8uuNlIWVKmgKZXC0	Zico	k-hop; k-pop; korean pop; korean r&b	63	383067	7cwu0oTrhXX6JG1kcIZo0M	She’s a Baby	52	164980	0.747	0.441	11	-10.032	1	0.454	0.556	0	0.117	0.368	76.933	audio_features	164980	4
k-pop	4o7tWrzQOqarDtTMWD2HV9	LAY	chinese electropop; k-pop	72	208274	7dbDPHivUEXRlrrSmw2L6E	Mapo Tofu	63	162232	0.797	0.701	0	-3.774	1	0.039	0.196	7.88e-6	0.12	0.631	125.011	audio_features	162233	4
k-pop	5WY88tCMFA6J6vqSN3MmDZ	NELL	k-indie; korean pop	60	18228	7DKYA93lgKbhxzqE2ojtCS	everythingoes	73	222493	0.467	0.722	5	-5.819	1	0.0303	0.143	2.91e-6	0.128	0.14	92.014	audio_features	222494	4
k-pop	41MozSoPIsD1dJM0CLPjZF	BLACKPINK	k-pop	84	4054149	7e7VjLxO5xJINHvnRytrqi	PLAYING WITH FIRE	74	197355	0.707	0.758	4	-4.511	0	0.0917	0.0399	0	0.141	0.674	97.037	audio_features	197355	4
k-pop	5HenzRvMtSrgtvU16XAoby	Zion.T	k-indie; k-pop; korean pop; korean r&b	62	249919	7eRJCsnC77QvpK68xihrVD	Complex	50	207492	0.82	0.458	0	-10.207	1	0.37	0.592	4.52e-5	0.467	0.552	95.014	audio_features	207493	4
k-pop	52zMTJCKluDlFwMQWmccY7	LOOΠΔ	k-pop	64	237804	7eUtsnBNOWfWDObBZyU4F4	new	54	184527	0.658	0.622	5	-6.627	1	0.0385	0.0759	0	0.152	0.333	108.041	audio_features	184527	4
k-pop	13rF01aOogvnkuQXOlgTW8	TAEMIN	k-pop; korean pop	63	492825	7EYDRfuloB4kG28ECZkPZB	Drip Drop	51	205240	0.716	0.869	3	-3.926	0	0.278	0.0695	0	0.0602	0.512	111.972	audio_features	205240	4
k-pop	3paGCCtX1Xr4Gx53mSeZuQ	NCT U	k-pop	64	771747	7fIV4YAEVhxrscqCDSgh0Z	Baby Don't Stop - Instrumental	31	183019	0.759	0.681	8	-9.252	1	0.0635	0.00536	0.882	0.101	0.138	96.013	audio_features	183020	4
k-pop	3cjEqqelV9zb4BYE3qDQ4O	EXO	k-pop	79	3271527	7GbUWl6qLW1gdngbEV2WDJ	Monster	70	221341	0.618	0.76	6	-4.312	1	0.0596	0.0066	0	0.127	0.541	150	audio_features	221341	4
k-pop	2JhAlkmukNvarUpGhTFXUQ	KARD	k-pop	61	702916	7gQWTvDx7VJRzeRbnlyIm4	Ride on the wind	60	176631	0.727	0.808	11	-3.66	1	0.106	0.163	0	0.187	0.761	115.02	audio_features	176632	4
k-pop	2AfmfGFbe0A0WsTYm0SDTx	(G)I-DLE	k-pop	74	340750	7gr57cYekMWriyJYbT7oZ4	HANN (Alone)	74	205820	0.709	0.718	6	-3.315	0	0.0312	0.059	0	0.167	0.24	104.971	audio_features	205820	4
k-pop	41MozSoPIsD1dJM0CLPjZF	BLACKPINK	k-pop	84	4054149	7HWmJ1wBecOAMNGjC6SmKE	WHISTLE	73	211696	0.822	0.712	11	-4.877	1	0.15	0.00682	0	0.0955	0.647	102.874	audio_features	211696	4
k-pop	3paGCCtX1Xr4Gx53mSeZuQ	NCT U	k-pop	64	771747	7jb6GXWNyeGUKFaUCpmNX1	텐데...Timeless (Sung by JAEHYUN, DOYOUNG, TAEIL)	54	250826	0.555	0.451	1	-4.575	1	0.0314	0.349	0	0.137	0.259	128.014	audio_features	250826	4
k-pop	4XpUIb8uuNlIWVKmgKZXC0	Zico	k-hop; k-pop; korean pop; korean r&b	63	383067	7jLvgYw7NcFi7kQz1RBABd	Artist	40	192827	0.875	0.855	11	-4.561	1	0.242	0.137	0	0.111	0.874	117.998	audio_features	192827	4
k-pop	41MozSoPIsD1dJM0CLPjZF	BLACKPINK	k-pop	84	4054149	7jr3iPu4O4bTCVwLMbdU2i	Kiss and Make Up	91	189173	0.678	0.729	8	-4.188	1	0.137	0.0658	0	0.303	0.643	99.895	audio_features	189173	4
k-pop	3cjEqqelV9zb4BYE3qDQ4O	EXO	k-pop	79	3271527	7kcCB7oh6X4bSoFCvrHLvG	24/7	69	243324	0.762	0.594	0	-5.465	1	0.0481	0.1	0	0.123	0.337	98.025	audio_features	243324	4
k-pop	7n2Ycct7Beij7Dj7meI4X0	TWICE	k-pop	78	2099516	7kKvrBLjXFPFWtEAjT59CV	KNOCK KNOCK	63	195753	0.673	0.968	1	-2.636	0	0.131	0.0242	0	0.0586	0.476	129.972	audio_features	195753	4
k-pop	3eCd0TZrBPm2n9cDG6yWfF	DEAN	k-pop; korean pop; korean r&b	66	449290	7LN1f9jAIu7yxBzsLMN7RB	Come Over	55	266137	0.495	0.629	6	-7.802	0	0.216	0.0821	0	0.632	0.281	167.784	audio_features	266137	4
k-pop	5na1LmEmK2VzNLje9snJYW	The Rose	k-pop; korean pop	59	192898	7LZEIA2Kqx1PHyI1aPwAbr	Insomnia	52	242321	0.374	0.52	3	-4.352	1	0.0308	0.59	0	0.195	0.392	70.779	audio_features	242322	4
k-pop	2FLqlgckDKdmpBrvLAT5BM	Eric Nam	k-pop; korean pop	64	219554	7Mfb2IwRNP8Qi7Ojtpmi37	Perhaps Love	60	239096	0.529	0.555	3	-4.72	1	0.0288	0.332	0	0.129	0.28	83.982	audio_features	239097	4
k-pop	20j1uz7iDOtIvIzCr5S8nx	SEUNGRI	k-pop; korean pop	68	238770	7MHMTBev70bl00AlZfMMgR	WHERE R U FROM	54	224634	0.832	0.9	11	-3.55	0	0.155	0.0497	0	0.269	0.829	122.986	audio_features	224634	4
k-pop	3paGCCtX1Xr4Gx53mSeZuQ	NCT U	k-pop	64	771747	7MtX7pq09iFQ4FlBE5jSL0	WITHOUT YOU (Sung by KUN, JAEHYUN, DOYOUNG, TAEIL) - Chinese Version	32	205533	0.578	0.947	2	-1.629	1	0.0588	0.0394	0	0.126	0.516	128.021	audio_features	205533	4
k-pop	1wKpMkucynaTfG8lyPprYV	PENTAGON	k-pop	66	350023	7nkp1uuSbKkoxMvEs8cSw0	Shine	74	198795	0.74	0.804	3	-2.187	1	0.0546	0.411	0	0.0578	0.791	150.013	audio_features	198796	4
k-pop	1z4g3DjTBBZKhvAroFlhOM	Red Velvet	k-pop	74	1753769	7nKQ5WAcjnG48knyLuo8gO	빨간 맛 Red Flavor	70	191139	0.709	0.917	9	-3.315	1	0.189	0.0409	0	0.0839	0.515	125.042	audio_features	191139	4
k-pop	1z4g3DjTBBZKhvAroFlhOM	Red Velvet	k-pop	74	1753769	7puC9LjNg0ItpjTz28yeaY	Russian Roulette	63	211213	0.706	0.902	7	-2.543	0	0.0352	0.00909	0.00137	0.17	0.964	130.024	audio_features	211213	4
k-pop	0siBQaURCli5wn2lqv8WZg	DPR LIVE	k-hop; k-pop; korean pop; korean r&b	59	113116	7q4TPSn0xl17IyJUOaRBuX	To Myself	52	213446	0.778	0.841	11	-6.112	1	0.203	0.172	0	0.774	0.739	119.984	audio_features	213447	4
k-pop	5qRSs6mvI17zrkJpOHkCoM	iKON	k-pop	74	1092967	7qPQjlV2lTwmpO932t463G	GOODBYE ROAD	68	239104	0.579	0.852	4	-3.358	1	0.0521	0.0607	0	0.41	0.64	79.01	audio_features	239104	4
k-pop	6gzXCdfYfFe5XKhPKkYqxV	SUPER JUNIOR	k-pop; korean pop	69	979619	7ufUUzddmfwitmCAFHsWr3	Ahora Te Puedes Marchar	59	190453	0.753	0.963	1	-2.491	0	0.0626	0.044	1e-6	0.0344	0.968	133.047	audio_features	190453	4
k-pop	2FLqlgckDKdmpBrvLAT5BM	Eric Nam	k-pop; korean pop	64	219554	7uW2sLxLjNgQJHa71LGVGr	Honestly	64	206848	0.75	0.799	0	-2.788	0	0.0697	0.0706	0	0.377	0.462	110.991	audio_features	206848	4
k-pop	4Kxlr1PRlDKEB0ekOCyHgX	BIGBANG	j-pop; k-hop; k-pop	71	2495384	7uzib3dSSwgUwcD3z0k3bR	FXXK IT	67	231810	0.72	0.746	0	-3.143	0	0.107	0.152	0	0.276	0.587	90.026	audio_features	231811	4
k-pop	4TnGh5PKbSjpYqpIdlW5nz	Monsta X	k-pop	70	1233646	7wDQNUVJ3aZb4lAIxgNvNX	어디서 뭐해 (MOHAE)	57	210021	0.684	0.857	11	-3.32	0	0.169	0.182	0	0.178	0.818	142.034	audio_features	210021	4
k-pop	3cjEqqelV9zb4BYE3qDQ4O	EXO	k-pop	79	3271527	7wfbHZcNtENuAcbog7c6kQ	Ooh La La La	72	187446	0.65	0.648	8	-6.016	0	0.0833	0.238	0	0.111	0.61	165.15	audio_features	187446	4
k-pop	2hRQKC0gqlZGPrmUKbcchR	SHINee	dance pop; j-pop; k-pop; korean pop	67	1129222	7wNZPLzUKbttcNSyoqELuE	I Want You	53	184798	0.719	0.733	4	-4.147	1	0.0861	0.101	0	0.27	0.514	123.058	audio_features	184798	4
k-pop	2dIgFjalVxs4ThymZ67YCE	Stray Kids	k-pop	70	496372	7wrHzCQ5C6ieyeXOBkcWx3	Hellevator	63	240000	0.482	0.816	7	-2.33	0	0.152	0.00829	0	0.393	0.296	78.156	audio_features	240000	4
k-pop	0siBQaURCli5wn2lqv8WZg	DPR LIVE	k-hop; k-pop; korean pop; korean r&b	59	113116	7xRlcqnDhyv6hSbFKz8scj	Know Me	55	204218	0.703	0.888	8	-4.736	1	0.254	0.187	0	0.306	0.467	134.162	audio_features	204219	4
k-pop	4XDi67ZENZcbfKnvMnTYsI	Jay Park	k-hop; k-pop; korean pop; korean r&b	68	632898	7y9Xospz6eMMJBtqELet7d	Yacht (K) [feat. Sik-K]	57	246284	0.726	0.772	10	-4.373	0	0.113	0.451	0	0.195	0.778	80.017	audio_features	246285	4
k-pop	0siBQaURCli5wn2lqv8WZg	DPR LIVE	k-hop; k-pop; korean pop; korean r&b	59	113116	7zDu3l7DDlfSlt20YMKkWo	Martini Blue	57	195204	0.767	0.551	11	-6.654	0	0.118	0.395	0	0.13	0.881	139.937	audio_features	195205	4
k-pop	5DuzBeOgFwViFcv00Q5PFb	WINNER	k-pop; korean pop	65	987863	7zgabC90KSPZZwNjfZeTqo	공허해 empty	57	220357	0.568	0.698	0	-6.618	1	0.0445	0.146	0	0.262	0.568	90.119	audio_features	220358	4
